Mensaje,Clasificación
!!! Sin duda alguna y sumando cada d�_a mas!!! !! MORENA VA!!!...,1
Enhorabuena diputada Celida siempre lo mejor para la niձez de su Estado Sonora y por su noble causa en todo los rubros para el apoyo de la niձez Mexicana bien saludos,1
A todos mis amigos y amigas de Hermosillo voten por Cթlida,1
mi voto para celida lopez!!,1
Que Bonita mujer!!! Me gusta para gobernadora de Sonora en la proxima eleccion!!!,1
Saludito licenciada yo soy un ciudadano quթ tiene en la mira en que sea la presidenta municipal el voto va para usted y de toda mi familia el voto que Diosito la bendiga y le conceda la presidencia un fuerte abrazo,1
Saludos de Tijuana estamos con Andrթs Manuel L�_pez Obrador votemos por MORENA Y PT y PES,1
Saludos Lincensiada Dios q Los Bendiga en Todos,1
Sigan los թxitos Lic. Celida saludos bendiciones bien,1
Celida Lopez presidenta municipal de hermosillo,1
Saludos Licenciada!! Puro Morena!!,1
Se ve muy bien  licenciada saludos desde Los Cabos San Lucas BCS,1
Perfecto no le vaya a pasar lo del pato de lucas!!,1
Muy bien ay q ponerle moneditas,0
Celida presidenta,0
Y por que ah�_ que echarle monedas????  Amenos Ami no se me hace bien que cobren,-1
Eso tmbn deber�_an de empezar a quitarlos... No tienen porke ching.....Cobrar por estacionarse p�_blicamente...,-1
Celida Presidenta,0
"Celida este problema se gener�_ en el gobierno de Lopez Caballero, que en parte ese fue uno de los m�_ltiples motivos por los que desgraciadamente volvio el PRI al municipio. Es verdad que Maloro juro arreglarlo pero ya sabemos el pթsimo desempeձo de su gobierno. Aumento tanto la inseguridad que los baches (la ppal queja de ALC) pas�_ a segundo plano.",1
Es una verg�_enza como tienen a hermosillo y obregon urge sacarlos. Lo bueno es que ya se van,-1
"Es la mala calidad de los materiales que utilizan, c�_mo se pide que hagan una auditor�_a a las empresas que hacen esos trabajos y las facturas infladas c�_mo si pusieran concreto hidrՍulico? Es tan frustrante ver los trabajos de recarpeteo, tardan mՍs en tapar que en salir de nuevo",-1
"No mienta Cթlida por querer quedar bien ,Tijuana estՍ mucho peor , no confunda investigue no por un hueso falsee las cosas",-1
"Oiga yo creo que los pri�_stas doble moral , ya no le van a salir con el mismo cuento de que fue padrecista.     Ya que se unieron en. CajeEME con 50 lideres del gobierno. De padres..........AMLO#2018",0
Buenos dias  hamiga CELIDA... VAMOS..HJUNTOS  A CER HISTORIA  ESTAMOS CON EL LIC....AMLO,1
"Saludos y bendiciones Diputada!! Todos con Morena, los Ocupamos Con Urgencia!! Devuelvan la tranquilidad y estabilidad a este hermosillo y a mexico entero!! Puros LOPEZ!!",1
Saludos  Diputada vamos y seguimos adelante  con el sr. Obrador bien bendiciones amiga,1
SALUDOSS  CELIDA!!!!#JUNTOS HAREMOS HISTORIA#,1
Felicidades Seձora...un abrazo cordial...,1
Ya llego ya esta aqu�_ la que va sacar al pri...y quien es ? Pues claro CELIDA PRESIDENTA,1
Muy guapa celida saludos y adelante con todo,1
Yo con Celida L�_pez  juntos haremos historia !!!!,1
Un saludote mi diputada ya sabe puro. Amlo asi nomas,1
#AMLO2018 y voto masivo para todo morena _���,0
Saludos desde mi celda...antentamente tu amigo memo padres,-1
"VAMOS CON TODO, EL VOTO SIGUE FIRME, A.M.L.O  y toda LA PLANILLA MORENA",1
"Mi voto, es por ya sabes quien AMLO PRESIDENTE 2018",1
De acuerdo,1
Ninguna yo xMORENA DE ARRIBA HASTA ABAJO,1
Todos lo atacan x q ya les entro la merma,0
Es f�cil subirse al cami�_n cuando va lleno,-1
"En hermosillo ,en sonora y en M_xico sin duda Morena tiene los candidatos ideales para lograr todos juntos hacer historia !! MORENA VA!! VOTO MASIVO PARA MORENA!!..",1
No hay otra opci�_n!!! Vamos todos con MORENA!!!,1
"Un sue_o ojal�, es la esperanza. AMLO",1
Este arroz ya esta cosido puro morena va a regir en mexico,1
En todo el pais Celida. Igual tu en Hermosillo,1
Hermosillo con Obrador es la mejor opci�n,1
"Arriba Morena en todo Mexico, vamos con morena AMLO 2018",1
CELIDAAA!!CON AMLO!JUNTOS A LA VICTORIA !!,1
"MORENA 100% y votaremos toda la linea,MORENA",1
Ser� una aplastante victoria,1
Carro completo con morena,1
Vamos bien,1
"Chavez, Castro, Kim Jong-un tambi_n hicieron historia.   La misma ...",-1
Votar por el pan para quitar a Pena Nieto es como divorciarte de tu esposa para casarte con tu suegra!,0
Y con todo no llega!!!,-1
As� es vamos a rebasar el cincuenta por ciento ya nos falta poco..#justicia social por el bien dթ Mթxico.. AMLO PRESIDENTE..,1
Gran mayor�a de sonorenses con AMLO,1
Asta las moscas estՍn con el viejon,1
Vamos con amlo...,0
Digan lo q digan Amlo100%,0
Asi es puro morena,1
Los de la mafia del poder est�n temblando!!  ,0
Mexico tiene historis y haremos historia con AMLO.  Saludos desde Oaxaca la tierra de la sacerdotisa Maria Sabina y los Hermanos Flores Magon. Duro mujeres valientes,1
"Felicidades  campeonas, vamos x el cambio que Mexico ya grita que lo transformen x un Mexico lindo y querido",1
A trabajar duro con el nuevo cambio a partir de 1st de julio...,1
"SALUDOS AMIGAS ES UN HONOR ESTAR CON OBRADOR, MAS CON MUJERES TAN VALIENTES COMO USTEDES",1
Saludos licenciada celida siempre usted es campeona y buen provecho,1
Claro que si siempre asido una triumfadora,1
Si me la saludas celida ala campeona de sonora,1
"SALUDOS CELIDA,DIOS LAS BENDIGA ..",1
Que se cambie de partido la campiona a morena pliz,-1
Saludos damas valientes y triunfadoras,1
Hola celida  saludos desde penasco AMLO 2018,1
Puras sonorenses con morena,1
Felicidades CAPEONAS!!,1
"Buen d�_a Celida ,tuve el privilegio de escuchar toda la entrevista,extraordinaria su participaci�_n ,sin duda es usted la alcaldesa que los ciudadanos hermosillenses necesitamos; capacidad,experiencia,y muchos deseos de servir a nuestra comunidad es lo que usted demuestra ,cuente con nuestra confianza,apoyo y por supuesto con nuestro voto y para toda la formula de morena !! En horabuena y con todo por la alcald�_a Sra.Celida Lopez CՍrdenas ! MORENA VA!!......",1
Suertudota.. Con dos grandes hombres en pro de la naci�_n...#juntos haremos historia,1
Pura gente de primera calidad amos AMLO,1
Morena si se puede,1
Si como no!!,-1
Tatiana Clouthier un ejemplo a seguir ! Coordinadora de la campaձa de AMLO,0
"Buenos d�_as. Desde el 2006 vengo siguiendo la trayectoria de AMLO. Estoy convencida de que los principios que lo rigen son honestidad y trabajo y algo que siempre le he admirado es que  le ha dado un espacio importante a la mujer; esa mujer aguerrida, convencida, atrevida, capaz, que no tiene miedo a enfrentar a nadie, preparadas, conocedoras, luchadoras incansables, madres, esposas, hijas, amigas...mis respetos para Tatiana Clouthier y todas aquellas mujeres que estՍn dando la cara para aspirar a un Mթxico justo, libre,  diferente. Muchos mexicanos tenemos un sueձo: Un mejor pa�_s...""JUNTOS HAREMOS HISTORIA, FELICIDADES""",1
EreS mi GRAN Representante como mujer y c�_mo escribiera tu papՍ en su cuaderno  el peor de los castigos en el infierno estՍ destinado a aquellos q se mantienen neutrales en tiempos de crisis gracias x apoyar a Mexico,1
Tatiana es mi fan la abmiro un buen yo quisiera hablar con esa seguridad.,1
"Celida L�_pez CՍrdenas, soy un admirador de esta gran mujer, desde que ella estaba en el PAN, proviene de una familia de un gran hombre. Ahora tambiթn, ademՍs de considerarte hasta la fecha como una gran amiga, me he convertido en un admirador tuyo. Mթxico necesita j�_venes como t�_ y Luisa Maria Alcalde. Van por buen camino.",1
Seձores bien por estas damas siempre apoyando para las mismas causas  y apoyando la candidatura de nuestro pr�_ximo presidente AMLO 2018 saludos,1
Dios me las bendiga son unas grandes guerreras de morena juntos haremos historia AMLO presidente 2018 hasta la victoria,1
Tatiana un ejemplo de mujer valiente en las pr�_ximas elecciones sera una excelente candidata a la presidencia Dios nos la cuide,1
Que chulada de mujeres inteligentes viva morena y el seձor lopez obrador,1
"Mujeres que AMAN Y TRABAJAN Felicidades!!!
Por un Mթxico con equidad, un Mթxico prosper�_ y Justo.",1
Seձora Tatiana Clouther es un ejemplo a seguir las felisito a las dos y Viva Nuestro proximo Presidente AMLO,1
Mis respetos seձora .... muy admirable su desempeձo,1
#TiaTatis mi voto para ti cuando te postules a Presidenta de Mթxico,1
Saludotes  TATIANA Gracias por hacer lo que haces DIOS TODO PODEROSO TE BENDIGA ATI Y A TU APRECIABLE FAMILIA,1
La mujer mexicana tiene mucha calidad y mՍs las de Morena,1
Mujeres patriotas..Inteligentes y hermosas a la vez..morenas si,1
Ella es la tia Tatiana���de las redes .Grandes mujeres las dos,1
Admiro su gran valentia como mexicana.,1
"Saliendo AMLO, seguimos con Tatiana para Presidente en 2024!!!",1
"Vamos con todo Tatiana, tu sigues despuթs de AMLO _��_",1
La seguiente  presidenta de Mexico Tatiana Clouthier,1
"!! Sin duda,sonora dio gran muestra de confianza y total  apoyo a Andrթs Manuel  como la �_nica esperanza pata sacar al pa�_s de la pobreza y desigualdad en que los gobiernos del ձri y del pan tienen sumidos a nuestros hermanos mexicanos al igual que lo es la excelente oportunidad que tenemos los hermosillenses de otorgarle toda la confianza,apoyo y nuestro voto  a la excelente candidata Celida Lopez para que como pr�_xima alcaldesa nos regrese la seguridad  y prosperidad a los ciudadanos hermosillenses que tanto hemos perdido ! Voto masivo para morena!! MORENA VA!!!",1
"Con gran optimismo la gente recibe a Andrթs Manuel L�_pez Obrador , Mթxico ya despert�_ , y estՍ sediento de que acabe la corrupci�_n , la impunidad , la desigualdad y tanta falta de oportunidades , sin duda con Celida L�_pez y y Andrթs Manuel L�_pez Obrador se harՍ Historia",1
"Adelante Amlo y morena y en todo Mթxico, hasta la victoria.",1
Arriba don Manuel L�_pez dios quiera todo loq dises se cumpla todo Mթxico _��__��_ estՍ con tigo,1
"��No es uno, no son cien, es un Tsunami de gente a favor del cambio, cuթntenlos bien!!",1
Haga p�_blico el trato que hizo Maloro para concesionar el alumbrado p�_blico a un privado por 16 aձos,0
Vamos x todas las canicas... AMLO 2018... esto ya no lo para nadie...,1
Con Celida juntos haremos historia,1
Excelente participaci�_n!,1
"FELICIDADES CELIDA ,YO TAMBIEN SOY MORENA..DIOS LA BENDIGA!",1
Hola celida lopez mis respetos para ud es una gran mujer con convicciones y la gran osadia de cambiarse a Morena felicidades estamos del lado ganador.. saludos desde Houston Texas.,1
CELIDA muchas felicidades dios me la bendiga yo tambiթn soy MORENA,1
"La transformaci�_n del pa�_s??? Cuando tu base de votantes pasen de pobres a paupթrrimos y empezemos todos a arrebatarnos la comida me cuentan que tal les fue.... te educaron las mentes mas brillantes de este pa�_s...tu base de  votantes tiene la excusa de la Ignorancia, tu no!",-1
Ceձida lopez me gusta para presidenta municipal,1
celida lopez nuestra proxima presidenta municipal,1
Hola diputada Celida L�_pez excelente imagen,1
Bien Celida presidenta,1
Vamos con todo celida,1
Vamos con todo _��__��__��__��__��__��_,1
Lindos viva morena :*),1
Estodo mi diputada,1
Cթlida L�_pez yo tambien darle uno..!!   _�Ɋ_�Ɋ_�Ɋ_���_���_���_���_���_���_���_���_���,1
Vamos con todo..!!,1
Dios te bendiga celita eres una mujer guerrera  q jamas se da por vencida  dios va bendecir tu carrera politica se abriran muchas bendiciones para ty.,1
"Vamos morena si se puede, somos mayoria que quiere el cambio verdadero, AMLO PRESIDENTE por el bien de Mթxico y de nuestras familias",1
"Vamos con todo,  Cթlida es la mejor .. un abrazo..",1
Voto masivo para Morena AMLO Presidente 2018 saludos diputada Celida bien,1
saludos CEI! y mucho Սnimo a mi ANDRES MANUEL!,1
AMLO _�_� ՁNIMO Y CELIDA L��PEZ  TODO EL �_XITO DEL MUNDO MUNDIAL  _���_���_���,1
Me uno a ella en estos momentos!!,1
Saludos Celida L�_pez yop tamvien ando con morena aqui e ures,1
"Celida es la mejor Candidata, voten por Celida.",1
Todos con Amlo por un pais mejor.,1
Saludos CELIDA de Granados,1
vamos aganar #morena,1
CELIDA PRESIDENTA,1
Eso  es todo  celida,1
A votar por Celida,1
Vamos mi gallo amlo,0
"La deuda en si no es el problema ..  el problema es que  han hecho con ese dinero los gobiernos que hemos tenido ,  porque Hermosillo  no es la cuarta Ciudad mՍs desarrollada del pa�_s.  tenemos muchos atrasos , falta de servicios, vialidades, inseguridad, infraestructura, etc.  y no solamente esto sino que ademՍs nos han aumentado el costo de algunos servicios como el agua. etc.. En fin tenemos enfrente una oportunidad de hacer algo diferente esta vez  y por supuesto un gran reto.   Animo.",1
"El �_nico que puede hacer eso y mՍs  es el gran seձor Andrթs Manuel  L�_pez obrador por que aunque digan lenguas  nefastas viperinas  que Andrթs Manuel es un enfermo de poder , que desgraciados  c�_nicos ? Enfermos de poder  son el pri y el pan y prd no son congruentes  son falacias puras chachalacas de mi hermoso Sinaloa y urracas parlanchinas a los pol�_ticos del prian no tienen թtica menos honestidad  y meda colitis cuando oigo que dicen el Ciro  G�_mez que amlo es terco que no le gusta la cr�_tica que cuando les dijo chachalacas que es visceral y ellos los periodistas chayoteros de 5 mejor de cero  como no v atener coraje rabia si yo la tengo  si ver como ordeձan a los mՍs pobres como saquean triangulan desv�_an hacen estafa maestra y hablan de combatir lo que el meade y Anaya representan la corrupcion y ellos si dan amnist�_a a sus compinches de su gavilla de cuatrero del prian y sus alianzas nefastas y traidores corruptos como el seձor Ձlvarez  Icaza tanto que criticaron la corrupcion y el traidor sin los principios sin honestidad Ձlvarez Icaza y el bronco se@prostituido el bronco que enfermos.   De seguir chingando a los mՍs pobres  por que estos delincuentes de bronco y la Zabala y Ձlvarez Icaza y todos son unas maldecidas hienas  votemos por morena y pt y pes y para presidente Andrթs Manuel lopez obrador saludos de tijuana",0
Por eso hay k cambiar el sistema de gobierno por eso yo voy con morena,1
Celia saludos a ganar morena,1
Estamos con morena asta el final,1
Vamos Mթxico s�_ se puede L�_pez Obrador morena el cambio,1
"Eso es creo k al fin si se va a ser lo k el pueblo pide Felicidades licenciada,morena es la mejor opci�_n AMLO 2018 si seձor",1
Felicidades por ese gran inicio de campaձa.Dios la lleve al triunfo.,1
Arriba morena. ..somos millones que estamos con AMLO 2018 Hasta La Victoria. ..y con usted..Celida. .,1
"En estas elecciones, el destino de Mթxico es MORENA, los mejores ideales con las mejores planillas �los felicitamos!  �viva Hermosillo!",1
"Con ella siii serՍ un realmente, Un Nuevo Sonora Ya.",1
Vamos licenciada Morena es la esperanza de Mթxico,1
100% morena mucho exito des de California .,1
Me hubiera gustado estar ahi. Mi apoyo total a Celida,1
eso arriba morena,1
Vamos puro morena,1
Muchas felicidades celida!!,1
Yo con celida,1
"Somos mayor�_a,morena adelante",1
Puro morena,1
"�_xito, Cթlida. Hermosillo va con usted y Puerto Peձasco va con Ram�_n Mart�_nez GonzՍlez. Nos va a ir mejor!
#AMLOPresidente #JuntosHaremosHistoria",1
"Te deseo mucho թxito
Saludos desde Tlalnepantla, Estado de Mթxico.
#juntosharemoshistoria",1
"Inteligencia aplicada, Lic. Sobre todo una gran persona preocupada por los grandes problemas sociales, saludos cordiales.",1
Sigan los թxitos para su persona y siempre lo mejor para usted y su apreciable familia saludos bendiciones,1
"Felicitaciones, es un honor, saludos, AMLOPRESIDENTE2018",1
En serio amiga pues muchas felicidades te deseo mucha suerte hasta la victoria con morena,1
"Si es lo mejor para Hermosillo, adelante.",1
El cambio que hermosillo necesita con morena,1
Asi se habla..y nosotros contigo.,1
Vamos celida! Los jovenes de #Hermosillo contigo!!!!,1
Ahi estaremos Cթlida...,1
Futura presidenta. Vamos por toda la formula de Morena,1
muchas felicidades թxito,1
Vamos con todo y felicidades,1
Adelante celida lopez,1
Cuente con mi voto,1
"!! Todo un acierto que morena haya postulado para que sea nuestra proxima presidenta municipal a una mujer tan valiosa ,brillante,transparente y honesta como lo es Celida Lopez !! Adelante y cuentas con nuestra confianza y nuestro voto para que nos regreses la seguridad y tranquilidad a los hermosillenses !!!",1
As�_ es basta de tanta tranzas y corruptos de funcionarios de los partidos  pol�_ticos de la mafia  del poder  se tiene que acabar por un Mթxico pr�_spero y de igualdades de gթnero y una paz social   para beneficio de todos los Mexicanos  AMLO Presidente 2018. Morena,-1
Por eso votaremos por la coalicion #JuntosHaremosHistoria..!!!   _��__��__��_,1
AMLO presidente juntos haremos historia,1
Que se haga,1
MORENA va,1
"As�_ mismo el tdah. Estos chicos no pueden aspirar a becas no apoyos , pues los consideran mal portados . Ellos merecen oportunidades de becas, no cree?",1
"y yo como docente le apuesto a inversion para bienestar social...escuela para padres integral..para que menos niձos y jovenes anden delinquiendo,,por no tener recibir una buena formacion de sus padres...solo por dar un ejemplo.y claro la inclusion de  sordos en la sociedad..ya que ellosson personas capaces..como sindrome de dawn..etc.hay mucho en materia de salud...",1
AMLO presidente y no se diga mՍs...todos juntos por una nueva historia...de nuestro Mթxico herido,1
Toda mi familia y yo vamos a votar por AMLO presidente juntos haremos historia,1
AMLO Presidente!!!!! Y Celida nuestra Presidenta ...... Vamos con todo _���_���_���_���_���_���,1
Siiiiii queremos hacer historia por el bien de nuestro Mexico!,1
Estoy con lopez obrador,1
Mi familia con Obrador,1
Mi gallo,1
mi voto por #yasabesquien  _���_���_���(y),1
"Creo necesario que comenzando desde las presidencias municipales se ponga el ejemplo de eficientar el gasto, siempre se me ha hecho exagerado el gasto que reportan por cualquier obra, alguna banqueta, alg�_n semaforo, una parada de cami�_n la cobran en cientos de miles o millones de Pesos, hay que estar atento a los gastos desmedidos y con menor recurso hacer mՍs obra, esperamos contar con el ejemplo. La confianza va a Morena. �_xito",1
"Bravo, bravo que agradable ver y escuchar a una  persona que aspira a ocupar un cargo p�_blico, con capacidad, con entusiasmo y con miras a transparentar los recursos (Honradez)del horario p�_blico; no soy de Sonora, pero escucharla es muy satisfactorio y agradable, no la conozco, pero su participaci�_n en este programa me deja convencido que si triunfa serՍ una buena presidente municipal del.municipio de Sonora, felicidades, muchas felicidades.",0
"La noticia de ayer y hoy,sonora primer lugar en corrupci�_n, busquen la nota ,,de eso no comentan nada las autoridades,, adelante morena",1
"Demosle el voto de confianza a Celida, es hora de que gobierne Morena",1
_���_���_���_���bravo bravo asi sera Cթlida L�_pez juntos sera historia vamos con todo con YA SABES QUIEN toda nuestra confianza y vamos con todo _���_���_���_���,1
"Muy claras sus explicaciones  y planteamientos, una gran sorpresa, una mujer joven, que plantea un trabajo honesto y lleno de esperanza. Yo creo que es una muy buena opcion para Hermosillo. Habla de formar equipo con gente preparada para resolver problemas y de cara a la sociedad. Yo me sumo a su proyecto y la apoyare con mi voto.",1
"Ya los ciudadanos estamos asqueados de los pol�_ticos tradicionales que solo avientan demagogia pura al puro estilo del quiero llegar y ya despuթs se olvidan de sus proyectos, yo me doy una �_ltima oportunidad de creer y lo voy a hacer por usted y por toda la f�_rmula de MORENA, solo espero y que si le dթ poder al pueblo, Saludos.",-1
"Amo la ideolog�_a k trae esta candidata vamos por un cambio empezando por la capital, basta de lo mismo ricos y mas ricos a costillas del pueblo yo voy con morena",1
"Todo el apoyo a una guerrera mՍs, como lo es Celida; la mayor parte de  los mtros jubilados estamos ella.... Tambien keremos un verdadero cambio.....",1
PRI PAN han decepcionado al ciudadano ustedes son los q pueden lograr es gran cambio q Mթxico necesita ya basta q saquear alos estados con obras baratas con precios muy alto eso cuenta mucho y se cuenta poco cuiden el dinero de los ciudadanos queremos un Mթxico  libre de  politicos ratas q nomՍs buscan llenarse su bolsillo,-1
B tardes Licenciada .me da mucho gusto que aya tomado la decision de unirse a Amlo.juntos harՍn buena Historia enel pa�_s .Saludos desde tabasco.muchos թxitos y bendiciones,1
"Sra. Celida  as�_ es como se habla, con sinceridad y transparencia y sobre todo amor a Mթxico. Felicidades.",1
Morena hoy se requiere una transformaci�_n en Hermosillo y nuestro pa�_s AMLO adelante,1
Amlo 2018...qe Alegria da saber qe devolveran ..el H ayuntamiento alos ciudadanos  ke alegria da qe va  enjuiciar atodos ex alcaldes de Hermosillo.y aqel qe salga embarrado ira al bote devolviendo todo aqellas dependencias qe privatizaron..bien vamos..MORENA..,1
Vamos con ustedes puro MORENA ya es hora que haya una presidenta Municipal as�_ en Hermosillo.  Y un presidente de Mթxico como Andrթs Manuel.,1
Seria muy bien visto cuando menos esa es mi opini�_n q estados y ciudades fueran gobernados por mujeres tienen una mejor obcion creo q un porcentaje menos de corrupci�_n y mas activas en todo lo q se tenga q hacer es mi opinion,1
"La transformaci�_n de un pa�_s, es un conjunto de factores  donde la sociedad tiene un papel importante. Ahora sonora es un estado con j�_venes mas preparados,con visi�_n, en lo acadթmico de cualquier carrera,se les debe dar la oportunidad a sus  proyecto de modernidad es preponderante asumir con certeza que ellos son el futuro de mexico",1
Volaremos por morena para b haber si se ve un cambio radical y transparente en nuestra ciufad,1
"Pues votare por este cambio necesario, ojalՍ llegue usted ha gobernar, y espero no ser defraudada de nuevo",1
Un cordial saludo candidata celida. Se ocupan personas como usted no nos quede mal cuente con mi voto saludos.,1
excelente en verdad esperamos un cambio mi voto va para morena.,1
Asi tiene qe ser qeremos un kambio ya el pan y el pri nos emos dado kuenta an sido unos ratas iremonos por morena,1
Te dejo decir todo lo que querias estamos contigo ADELANTE,1
Se siente la esperanza de los mexicanos con amlo y sus representantes en estados y municipios. ! Vamos Mթxico!,1
"En la entrevista,, respondi�_ en s�_ntesis lo que se le preguntaba,, muy buena opci�_n para el cambio, Felicidades",1
"Hay que levantar a mexico ponerlo enel lugar quese merece, hay que rescatar a cajeme del olvido enel que estamos....MORENA",1
"Me gusto la entrevista tuve la oportunidad de escucharle. Senti su senceridad., y deveras nuestro pais nesecita de una tranformacion de honestidad verdadera , si lo hace de esa manera el pueblo se lo premiara ., Felicidades.",1
Nuestra pr�_xima alcaldesa de hermosillo bien por el cambio !! Bien por morena !!! Felicidades celida !!,1
Vamos a cuidar las casillas este 1 de Julio para que no pase lo de otras elecciones,1
"Gracias candidata, sinceridad ante todo",1
Vamos a votar en orden los morenos paq no nos hagan d agua los votos.buzos,1
Morena 2018,0
Voto por Mթxico. Voto por Amlo y morena 2018.,0
Muy cinceras de sus sabias palabras y siempre  con la humildad que lo caracteriza sr. Obrador y lo mejor poner orden en todo lo que estՍ mal y hacer el bien para beneficio del pueblo de una forma tan cencilla de trabajar de la mano con el pueblo bien,1
Estamos con uste Licenciado no nos Ban a cambiar de opini�_n votaremos por AMLO.,1
"�Excelente, ver�_simil, atinado y pensamiento cuerdo y sincero!",1
Adelante sr. Presidente tiene nuestro apoyo,1
"Mi voto es para AMLO  sin duda alguna ..serՍ el presidente de la historia, y estamos contigo cթlida L�_pez totalmente animooo_���_���_���_���_���_���",1
"Regeneraci�_n y transformaci�_n, dos dos acciones fundamentales para iniciar un cambio de verdad en el pa�_s, por թsto y Muchas cosas mՍs; Amlo y morena 2018.",1
Andrթs Manuel L�_pez Obrador va a ser el presidente de la historia de nuestro Mթxico 2018 Mi voto es para usted Andrթs Manuel,1
"La esposa de AMLO, potencialmente, la primera dama de la Rep�_blica ser�_a un verdadero orgullo; ya que tiene un doctorado en filosof�_a y letras; una mujer preparada, pensante, acadթmica. Al lado de su esposo  podr�_amos ver realizado una vez mՍs el lema que lee: ""Al lado de un gran hombre hay una gran mujer"".  Ser�_a no s�_lo modelo sino igual; cambio de pensamiento nacional, progreso intelectual, ayuda al estudioso, y todo mexicano con ambici�_n de saber para servir a la patria...",1
Felicidades Sr. AMLO todo estuvo excelente muy tranquilo a lado de los leones pobres periodistas chayoteros,1
Mi respetos y mi admiraci�_n para esta gran mujerona- Celida  L�_pez..,1
Que malos lo hacharon a la jaula con 6 leones. Y con su don result�_ avante. Felicidades a amlo pensթ que lo destrozar�_an,1
"Estuvo genial, les dio una pela.",1
Estoy con morena! Mi voto es para el seձor Obrador!!! #AMLOPresidente,1
AMLO Y MORENA 2018,0
"Felicidades Cթlida, estՍs del lado correcto de la historia.",1
Enhorabuena!!mucha suerte a ambas.,1
Felicidades celida juntos haremos historia,1
Felicidades���enhorabuena,1
Adelante,1
"El gran cambi�_ debe de ser de moral, que los partidos se acoplen alas verdaderas necesidades del pueblo y no sea un puesto de dinero f�cil, que se acabe ese pensamiento ingenuo de ser pol�_tico sol�_ para empoderarce a costas de la gente..",-1
"Adelante candidata, se le apoyarՍ porque conocemos su trayectoria limpia y de un gran compromiso social. Gracias por defender siempre al pescador, agricultor y al marginado...Se lo decimos desde el fondo del alma; gracias...",1
"Excelente Celida, tienes todo mi apoyo y el de mi familia, y sumare mas Hermosillenses. Dios te bendiga",1
!! Extraordinaria claridad de ideas y enorme voluntad de servir a los ciudadanos hernosillenses !! Ya basta de que los partidos de siempre sigan sirviթndose de los recursos de los ciudadanos ya se necesitan personas honestas y  con disposici�_n sr servir a lis ciudadanos !! Animo y cuanta con nuestro apoyo y confianza seձora Celida Lopez,1
Morena va !!,0
Animo lic,1
Felicidades Celida L�_pez por  su candidatura,1
Celida hay que rescatar a los jovenes y niձos de la drogadiccion. Me gusta tu propuesta a favor de ellos.,1
Celida. Morena.,0
"El precedente mejor que hemos tenido en Mթxico, saludos Diputada Celida L�_pez",1
Eso s�_ Esto fue el �_nico el presidente mejor que Mթxico ha tenido pero durante de esos tiempo para final de puro corrido puro rata esperemos que este 2018 Mթxico va a tener un buen presidente morena va hacer la historia Saludos diputada celida L�_pez,-1
"Felicidades Licenciada, a sus ordenes, aunque no me conoce, admiro su valentia, y festejo su apoyo a este movimiento, esperemos que AMLO la acompaձe en su victoria, que sera de todos los Sonorenses y de todos los Mexicanos, porque nuestro Pais se lo merece. Enhorabuena...",1
Muchas felicidades y saludos Celida L�_pez candidata ala presidencia municipal con MORENA hacer historia para todo Mթxico,1
Felicidades  amiga  bendiciones,1
Mujer esforzada y muy valiente!!! Felicidades,1
Morena va !!,1
Felicidades Cթlida !!!,1
"Felicidades Sra Celida , arriba las mujeres de Morena _���_���_���_���_���",1
"Voto masivo por Celida, Amlo y morena.",1
"!! Excelente y muy claros los conceptos sobre la problemՍtica de hermosillo !! Adelante seձora ,el proyecto que usted encabezara es el que necesitamos los hermosillenses !!",1
Muchad felicidades celida!!!! Porfavor celida ya que seas presidente municipal devuelvele la tranquilidad a hermosillo alomejor tu no te das cuenta pero aqui en hermosillo es un robadero por todos lados,1
Donde puedo ver el video? Ya sabes que cuentas con mi apoyo,1
"muy bien, felicidades",1
"Juntos haremos historia...!!

No cabe duda ya que eres una mujer muy preparada y empoderada que siempre ha luchado por la grandeza del pueblo... 

 tu experiencia y trabajo hablan por ti...!!

Tienes todo mi apoyo para juntos lograr la transformacion que Hermosillo merece...",1
"Seձora Celida Lopez, muy buen trabajo usted esta entre las mejores mujeres que seran un pilar muy importante para el cambio verdadero y su nombre junto al demas ilustres damas quedaran escritos con grandesa en las paginas de nuestra historia, viva MORENA, viva AMLO....",1
A si es juntos haremos historia AMLO 2018 dios los bendiga,1
Vamos con Amlo y morena a la presidencia de Mexico,1
Vamos Andrթs Manuel,0
Se pasan la bola de ratas,-1
Bien diputada Cթlida lo mejor es siempre apoyar el deporte en todos los rubros y lo mՍs fantՍstico es darle a los j�_venes la oportunidad de desarrollarse en un deporte bien,-1
Celida Lopez .deberia de separar su vida privada con lo de su pol�_tica solo confunde ..aga su pajina personal ..y otra de solo politica que a nadien le inporta su vida privada ..Gracias con todo respeto y vamos con AMLO 2018,-1
!! Enhorabuena a los campeones !! Felicidades a todo el equipo !!! Y que sigan los թxitos!.....,1
"Muchas felicidades, sin duda de los mejores momentos entre padres e hijos",1
Equipazoooo!!! Felicidades!!!_���_���_���_���,1
Muchas felicidades,1
Que vien sonorenses.. gente como ustede celida nesesita Mթxico saludos desde Jalisco,1
Celida L�_pez quisiera saber cuՍndo estarՍ L�_pez obrador en Obreg�_n para saludarlo y conocerlo,1
AMLO 2018 juntos haremos historia dios los bendiga,1
"Grande AMLO 
Hombre de ideas y acciones",1
Que bien apoyo total hasta la victoria #morena #AMLO 2018,1
OjalՍ le vaya muy bien en ese encuentro. Saludos,1
AMLO imparable 2018,1
Puro Amlo,1
Todo nuestro apoyo Celida,1
Enhorabuena AMLO 2018,1
Puro amlo 2018,1
Puro AMLO,1
Vamos con MORENA para todo Mթxico #soy MORENA,0
"Muchisimas felicidades Cթlida  L�_pez 
Saludos desde la bcs aqui trabajando y dirigiendo la campaձa del candiato a la presidencia de Morena por el municipio de Comond�_ en bcs Dr. Jose Walter Valenzuela Acosta",1
"Felicidades Celida! Tienes mucho para aportar, siempre mis porras a tu valioso desempeձo, un abrazo",1
"EstՍ chingon todos en morena, desde el Lic. Andres manuel Lopez obrador, la diputada Celida Lopez, la periodista Lilly Tellez y el sr; Alfonso Durazo tienen mi voto y de mi familia.",1
Felicidades celita!!! Estas donde debes estar y todo gracias a t�_ esfuerzo e ideales. Saludos y bendiciones _��_,1
Celida Es una persona muy valiosa en la organizaci�_n de morena y apoyando al l�_der Andrթs Manuel L�_pez obrador felicidades,1
Muy bien por ambos queremos un pa�s pr�spero y seguir adelante y firme en sus compromisos por el bien de todos los Mexicanos saludos diputada Celida bien,1
lejos de apagar yo la miro que cada dia esta  llamarada  mas y mas    y que viva la nacion mas hermosa de todas yessssssssssssssss,1
"Con el favor de Dios, y todos que apoyamos a MORENA, aremos el cambio, saludos C�_LIDA L��PEZ, DIOS LOS BENDIGA",1
Bendiciones lo lograras conozco tu trayectoria son muchos a�os de esfuerzo que haz dedicado para lograr cosas buenas para la sociedad Dios y yo contigo enhorabuena,1
!!! Excelente combinaci�n de alt�simo esp�ritu de servir a la ciudadan�a de ambos !! Animo y saludos Celida !!!,1
"Animo,si se puede,saludos bendiciones celida",1
Animo Celida estas del lado correcto :),1
Vamos por toda la formula de Morena. Bendiciones Celida.,1
Puro amlo puro morena,1
MORENA AL 100%,1
Viva Morena.,1
MASIVO AMLO 2018 !!!,0
"Miles de Bendiciones, Celita un fuerte abrazo.",1
Feliidades a los estudiantes de Hermosillo por saber eacoger bien su candidato favorito AMLO.,1
Muy bien los j�_venes en su momento saben que la esperanza estՍ cerca  este  1 de julio AMLO Presidente bienCelida por el respaldo que le da su Estado a los j�_venes  universitarios bien saludos diputada,1
Voto masivo para MORENA,1
Yo con AMLO y Celida,1
"Con el respaldo de los Universitarios, tomaremos mas FUERZAS, UNIDAD Y ESPERANZA, A.M.L.O 2018-2024 todos apoyando MORENA, que se genere una POTENCIA",1
NUESTRO PRESIDENTE y NUESTRA PRIMERA DAMA..BIEN VENIDOS.,1
Dios te bendiga Andrթs Manuel L�_pez Obrador y a tu esposa,1
SALUDOS  MI FUTURO PRESIDENTE.   AMLO .2018,1
"Un gran luchador social ,, sin duda va a hacer un gran presidente !! ...",1
Andr�s Manuel la esperanza de este grandioso pa�s estoy con el y mi voto es para el,1
Un verdadero guerrero y pr�ximo presidente de la rep�blica y i�or,1
AMLO 2018.,1
"Que crees, va a ganar Andrթs Manuel",1
AMLO y MORENA,1
AMLO al 100%,0
AMLO 2018!,0
AMLO 2018 juntos haremos historia dios los bendiga,1
"El PRIAN estՍ bien muerto. Solo la corrupci�_n de las _��instituciones_ѝ como el INE, TEPJF y la compra de voluntades los podr�_a resucitar",-1
"Tenemos que tumbarlos, y a ser los desaparecer, esos partidos PRI Y PAN, son pura corrupcion, puro criminal, puro rata, todo de lo peor, ARRIBA A.M.L.O Y TODA LA PLANILLA MORENA",-1
Las mujeres son poderosas y espero ocupen sus posiciones en la sociedad por su capacidad.,1
"Admirable , una mujer valiente e incansable y exitosa",1
Mi reconocimiento Celida,1
Cuando anduvistes por aqui? Me hubiera gustado haber asistido  y poder  saludarte y platicar algunos temas importantes  del frac.,0
"Si es una mujer incansable , se preocupa y se ocupa de los problemas de su comunidad , sin duda una incansable luchadora social",1
Tu s� q trabajas felicidades amiga puras esas mujeres queremos en M�xico para el cambio q tando nos ase falta,1
Eso!!!! Mi diputada con toda la actitud puro morena,1
Muchas felicidades se ve el acercamiento que tienes con la gente,1
Como diputada local por peձasco reuniendoce con gente de  hermosillo  y su distrito que ? Ya se olvid�_ de el?,-1
"Adelante Celida, tu chamba va a ser la diferencia, enhorabuena.",-1
"Tu capacidad y tu experiencia , pero sobre todo tu solidaridad con las causas sociales , marcan la diferencia .",1
Para tu distrito cuando das la vuelta??,1
Excelente Celida,-1
"Por est�s cosas y muchas m�s este 2018, voto masivo para Amlo sus diputados y senadores. Morena es la esperanza de Mթxico _��__��_. AMLO presidente 2018. No mՍs PRIAND, muera el PRIAND.",0
!!! Adelante con esa tan benթfica propuesta para los ciudadanos hermosillenses !! Bien por ud.Sra.Diputada Celida Lopez,1
Muchas felicidades hoy en el d�_a de la familia mi diputada celita.,1
Feliz dia celita un fuerte abrazo dlb,1
Celida Presidenta,1
Saludos amiga bien por la familia Enhorabuena Celida,1
As�_ es todo sea para bien diputada lo mejor para el pueblo saludos Celida bien,1
De acuerdo tenemos que combatir la corrupci�_n miles y miles de personas como usted necesita este pa�_s la felicito,1
A exigir al Gobierno que rinda cuentas Diputada Celida L�_pez,1
"Y la fiscal�_a,anticorrupci�_n del estado, nadamՍs fue creada para investigar a unos y no para los priistas?",0
La felisito diputada con mucho rrespetoo.,0
No reaccionan porque no tienen ni siquiera una poca de valent�_a. Por eso y Muchas cosas mՍs  Amlo y morena 2018.,0
"El Gobierno de EPN, no reacciona ni harՍ jamՍs nada, porque estՍ terriblemente agonizando, y lo �_nico que se escucha de թl,Son sus quejidos y estertores a su miedo de morir en su pestilente tumba,Y que ya saben quiթn  se encargarՍ  de ponerle el �_ltimo  CLAVO al ata�_d  de sus podredumbre y pestilente  restos...",-1
Vamos a ganar selida mՍs con jente como tu comprometida con el pueblo viva morena,0
Vamos con todo _���_��__���_��__���_��_,1
La decisi�_n estՍ tomada #MORENAVA,1
Vamos selida,1
Empate tթcnico _���,0
Adelante Amlo y morena al 200 %,1
"Sii seria muy bueno revisar ese asunto, porque si es un abuso lo que nos hacen con las tarifas del recibo del agua _��__��__�ɍ_�ɍ",0
Bien por ustedes que siempre luchan por una buena causa la unidad hace la diferencia bien diputada celida Enhorabuena,1
"Incre�_ble, e inconcebible � la ciudadan�_a tiene que UNIRSE  y pelear por parar թstos  robos descarados...",-1
"subieron el costo hasta tres veces mas de lo que se pagaba, como siempre abusando del pueblo :(.....espero que de verdad se haga algo....!.",-1
"Pero pues en sonora voataron por el PRI ..
Que podemos hacer con la gente imbթcil que voto por el PRI",0
"Excelente propuesta, dթjame buscar uno de $1,000 pesos que me lleg�_",-1
CADA DIA LLEGA PEOR EL RECIVO DEL AGUA SOLO VIVE  UNA PERSONA EL LA CASA Y VAN DE MAL EN PEOR LO INICO QUE SABEN ES SUBIRLE SUBIRLE Y SUBIRLE .ESPEREMOS TENGAMOS UNA SOLUCION A ESTE PROBLEMA....YA BASTABDE TANTO ABUSO..,-1
"En Enero no mebllego recibo, solo un aviso que hab�_a consumido 42 litros, es decir 2 litros de mas de la tarifa y en febrero ya viene cargado y el total a pagar son mas de $1,400 por dos meses. Es un abuso....",-1
"!! Excelente  iniciativa seձora diputada!! K bueno k haya personas como ud.que sea  la que encabece esta tan urgente necesidad de la gente k menos tiene en el aspecto del pago por el servicio del agua ,que por lo regular es a ellos a quien mas injustamente le hace los cobros agua de hermosillo !! Adelante con su gran gesti�_n en pro de los hermosillenses  seձora diputada!!",1
"No es recibo de agua nada mas es recibo de drenaje es recibo de saneamiento e impuesto de drenaje y saneamiento .
Osea es un maldito robo al despoblado",-1
Eso s�_ q estՍ bien q haiga personas q trbaja pra su gente muy amiga,1
"Votemos por Celida Lopez que tome la presidencia municipal, para que enderece lo que dej�_ chueco el maloro. ..",1
en tabasco no pagamos agua la luz es mas barata que en otros estados gracias al lic. andres manuel lopez obrador,1
En medios internacionales se reporta que _��el gobierno_ѝ controla el flujo del agua con negligencia obstaculizan la distribuci�_n del agua no invierten oportunamente en las reparaciones necesarias y siguen construyendo presas. Debemos todos hacer conciencia no esperen a que sea su casa la que se queda sin agua por negligencia.,-1
"Y ni hablar del endeudamiento p�_blico, la.i seguridad, etc.",-1
Todos con morena y celida para que nos vaya mejor.,1
"Excelente Celida, mi recibo me esta llegando muy alto, aprox. de $700 a $800 mensuales, se me hace una injusticia.",-1
Ya basta de pagar agua cara pri,-1
"Todo por MORENA, pero y los coludidos, oportunistas de PES centaveros que quieren fama y hacerse ricos",-1
"Es de esta manera se defiende al pa�_s, con argumentos, con cifras, con nombres, de manera valiente, dando la cara. No detrՍs de un nombre ficticio, no detrՍs de la cobard�_a. La felicito Diputada, estoy segura que al dar la cara es porque tiene bien fundamentado lo que dice! A�_n hay esperanza para nosotros los ciudadanos de que los funcionarios trabajen para lo que se les vot�_",1
"Tambiթn los partidos pol�_ticos le roban al pueblo, nos quitan de nuestros impuestos para su manutenci�_n.",-1
De k nos sirve saber quienes y cuanto se robaron si no hay justicia,-1
Wow _��� felicidades por la forma de defender a nuestro  pais..,1
"MUCHA CORRUPSION,  va ser muy dif�_cil controlar todo eso, por que??? simplemente porque, para los pol�_ticos no hay ley, oh si roban se tapan unos con otros, y no pasa nada",-1
"Hasta cuando?hasta que la gente pendeja se deje se seguir engaձando,hasta que la gente deje de ser acarreada,hasta que deje de agarrar una torta y un jugo de lo mas baratos por ir a cualquier evento de algun politico,hadta que deje de recibir 200 por vender su voto por seis aձos y ellos acabarse sus 200 ese mismo dia que lo recibio,hasta que deje de recibir despensas,materiales u otras cosas por vender su voto.Hasta entonces Mexico dejaran de engaձarte",-1
Asta cuando vamos a dejar q nos roben nos malipulen nos engaձen quisiera q nos armaramos d valor y meter en cintura en linea en regla a todos esos perros q nos roban matarlos alos perros ratas del pri empezando con salinas d gortari q es el pez grande yo t apoyo,-1
Vamos con todo con morena y contigo diputada.,1
Cuando despierten i se les quite lo pendejo,-1
Misma rara revolcada Toda la Partidocracia,-1
Ratas,-1
"QUE CHINGUE A SU MADRE EL PRI Y PAN PORQUE SUS DIPUTADOS Y SENADORES APROBARON EL CRIMINAL GASOLINAZOS. AHORA OTRA VEZ VUELVEN Y TE PIDEN TU VOTO...?   POR ESO YO VOTAR�_ POR MORENA, SUS DIPUTADOS Y SENADORES � EN LAS TRES BOLETAS !",-1
Levantemos la voz asi como nuestra diputada _��� con la frente en alto por un MEXICO mejor _��,1
"Y de que sirvio su argumento
Alguien fue a la carcel o de perdido suspendido de sus labores.?
Vle vga todo
VIVA MEXICO.",-1
Por estՍs cosas y muchas mՍs este 2018 voto masivo para Amlo sus diputados y senadores. Morena la esperanza de Mթxico _��__��_,1
"Arriba Diputada, pr�_xima Presidenta Municipal de Hermosillo. _���_��_",1
Asta que dejen de botar porellos,-1
"Pues usted gan�_ en el PAN, � de que se queja?",-1
Felicidades y bendiciones,1
Vamos todos con morena x un mexico mejor,1
"QUE BIEN ME ALEGRO, que SONORA este con A.M.L.O y MORENA,",1
Vamos arriba muy arriba pero agua con el fraude,1
Vamos morena vamos,1
Por el cambio que todos merecemos juntos por MORENA,1
Asi es comadre no ay de otra,0
Deber�_a de estar todo rojo,0
"No olvide los otros tres: NO MENTIR, NO ROBAR Y NO TRAICIONAR AL PUEBLO DE MEXICO!!! Saludos.",0
Viva lopez como dijo uno por ah�_ jeje puro morena en todo Mթxico vamos compaձeros Սnimo,1
Siempre es mejor la unidsd.,1
"La unidad del Mexicano, Voto Masivo",1
As�_  es diputada.,1
Ese es mi gallo,1
Yo lo apoyo pero una bes pregunte algo y no m contestaron,0
"Lastima millones de pesos ese wey MEADE, no levanta ni poniթndole un MISIL CONTINENTAL en el CU*O levanta,",-1
Todos con morena a donde tope,1
"!! Sin duda la mejor formula,y lo mejor para sonora !!! Irreversible!!!",1
OjalՍ as�_ sea!! Ser�_a una groser�_a que el Maloro gane...,0
Es l�_gico va a ganar el pege ya ni modos,1
Hacer historia con MORENA para todo Mթxico #soy MORENA,1
Vamos a ganar estimada diputada.,1
"Un proyecto maravilloso, ojalՍ que muy pronto mՍs niձos de Sonora tengan oportunidad de tomar este curso! Gracias Diputada Cթlida L�_pez por la oportunidad de vivir esa grata experiencia a la primera generaci�_n de mediadores escolares!",1
Felicidades Celida L�_pez por tan grande labor en favor de los niձos,1
Gracias por tener un proyecto para k nuestros niձos proyecten sus ideas y fue una gran experiencia para nuestros niձos no hay palabras de como describir a nuestros tan felices de cada paseo k tuvieron esos d�_as gracias Celida lopez ojala no sea el ultimo proyecto k vengan mas con el favor de dios,1
"increible y honorable proyecto, los niձos son la esperanza de este pa�_s, niձos con sueձos, aspiraciones y aptitudes para ser mejores personas. La educaci�_n es primero, pero una educaci�_n con valores y principios es lo mejor :)",1
"Felicidades y gracias dip.Celida Lopez por ayudar a inculcar estos valores en nuestra niձez...y sobre todo que tienen la oportunidad de conocer mad de nuestro pais, experiencias que no se les olvidan...muchas gracias",1
"Padrisima experiencia para nuestros niձos !!! Muchisimas gracias por brindarles esta gran oportunidad de experimentar y conocer un lugar tan bonito,conocer nuevas caritas y experiencias y vivencias que nunca se les olvidara , muy buen equipo de trabajo Gracias diputada Celida Lopez !!!",1
"Que bonita experiencia ,y ademՍs que maravilloso proyecto de inculcar ese tipo de valores en la niձez la mediaci�_n como herramienta es algo extraordinario en el desarrollo correcto De las nuevas generaciones !! Felicidades seձora diputada  y adelante con esas valios�_simas aportaciones en favor Dr la niձez de sonora!!",1
"Me gusta que mis impuestos sean utilizados para promover la cultura, Muy bien Diputada",1
"Apostando a la Educaci�_n!!
Gracias Diputada Celida L�_pez una gran experiencia para estos niձos de la primera generaci�_n de mediadores escolares, como madre de una de las niձas que estuvieron en este viaje puedo asegurarle que para ella fue una excelente experiencia, y es un orgullo el saber que por su propio mթrito al participar en este su proyecto de ""Mediadores Escolares"" sus esfuerzos tuvieron  como premio este viaje cultural.  Un excelente logro el de usted y de su equipo de trabajo para este proyecto.  OjalՍ que haya mՍs proyectos como este y se siga apostando por la educaci�_n de nuestros niձos, Felicidades!!!",1
Es muy importante este paso educativo de la cultura a nivel nacional en hora buena habrՍ mejores seres humanos en nuestro territorio nacional.. ..DE NUESTRO M�_XICO....,1
Amiga Felicidades muy buen trabajo,1
En que consiste especificamente este proyecto?,0
"TendrՍ mi voto de seguro diputada Celida L�_pez,,,",1
"Asi es,,,es basico la buena educacion de la infancia,,para asi  tener adultos honestos y bien preparados...recuperar el uso de valores..y mas....Felicidades Celida.",1
Los ninos ! El futuro de mexico y la tierra mas fertil !!,1
Excelente!!!!,1
Ricardo Anaya presidente,0
Que no se quede en proyecto que si sea programa .,0
la realidad de Hermosillo.,0
Nuestras fuerzas armadas son nuestro orgullo  ellos son Mթxico y nosotros somos ellos.,1
A el gonierno le cuesta mucho dinero mantener a estos cuates a cambio de que.......,-1
Sera para los ricos y los pol�_ticos nunca para la gente,-1
Bien  por la labor del candidato presidencial de Morena por sus valores y principios para ejercer un gobierno digno y de respet�_ para todos los Mexicanos AMLO presidente 2018,1
Jajajaja privilegios los que tienen sus hijos con ropa calzado y carros muy de lujos como le hace para tener dinero si tiene 18 aձos haciendo campaձa _�Ɋ_�Ɋ_�Ɋ,-1
AMLO 2018,0
Todos somos morenos (prietos) todos somos amlo 2018,1
Muy bien gente como usted merece el pa�_s que se preocupa por el bienestar de la gente bien por su estado  Sonora Enhorabuena diputada  Celida,1
Excelente Celida. Toda la suerte del mundo.,1
Excelente propuesta,1
Eso es todos celida L�_pez,1
M gustar�_a ponerme en contacto con usted.,0
Que consulta mitofski ni que nada... Solo el pueblo puede rescatar al pueblo...,-1
Ya el pueblo esta despertando. Es hora de darles una leccion este 1 de Julio. Magisterio con Obrador.,0
"Respeto tu trayectoria y tu postura Celida, solo que si quedemos _��eso_ѝ que mencionas el resto del aձo, hay que dejar de pelear y enfocarnos en hechos que terminen en resultados favorables comunes! La pol�_tica dej�_ de ser pol�_tica, se ha vuelto un cuadrilՍtero",0
ya cedele la diputacion a martha camacho ...que te de una diputacion morena,-1
Mis respetos para ti Celida. El Magisterio con Obrador. Y tienes mi apoyo.,1
Desde un principio me dije que era una farsa. Ni quien le crea a Anaya.,-1
"Siempre tan precisas , concretas y atinadas sus participaciones , toda una profesional  .",1
As�_ se habla estas son mujeres mexicanas defendiendo al pueblo mexicano Arriba L�_pez Obrador,1
"De algo si estoy seguro, mi voto es para AMLO. el pueblo ya no quiere mas de lo mismo. Estamos cansados de tanto robo de la clase politica actual.",-1
"Diputada, me parece muy acertados sus comentarios desde la tribuna, pero tengo algo que no me gusta, que haya cambiado de partido, no soy panista ni menos morenista, ni priista, fue lamentable su decisi�_n, para m�_ fue buscar su bien personal en b�_squeda de un puesto pol�_tico y mՍs cuando criticaba a Morena y ahora lo enaltece. Una disculpa si molesta mi comentario",-1
"el CISEN es un aparato de lujo porque no tiene resultados y mas bien ha dejado mucho que decir con los resultados que se tienen en todo el pa�_s. SOLO LA CLAES POLITICA VIVE EN OTRO MUNDO  y no en Mթxico. con sus exagerados sueldos que les permite vivir como reyes y la pobreza de Mթxico en aumento, que hipocres�_a.......",-1
"El problema CISEN, el problema es el uso pol�_tico que se le da.
Su funci�_n deber ser de inteligencia y seguridad del pa�_s. No una herramienta de los pol�_ticos",-1
"Ex panista y ahora defiende a morena,   de PEեASCO y quierenser alcaldesa de hermosillo,  no te da verguenza ? Ser tan chapulin.  Y mas cuando sabes que no ganaras solo te usan en morena,  asi como usan a todos los que pertenecian a otros partidos.  Que lastima y verguenza das.",-1
Tomenla toda putitos pa que vean de que lado mazca la iguana en morena con mujeres honestas y de wevos no como en el pri cobardes chaqueteros,1
"Sra. mejor valla a ser pol�_tica a su pueblo Peձasco, que Tan olvidado estՍ,  usted no es de Hermosillo, candil de la calle obscuridad en su casa.",-1
"No te da verg�_enza hablar con esa vehemencia a favor del peje lagarto, que pronto olvidas.",-1
"Pero el cisen es obsoleto,porque tanto lo defiende o porque no opina que investigue a los ratas exgobernadores alli si que exija eso no que ande de simuladora",-1
Cuantas promesas no a echo y tu crees que las va  cumplir por favor no seas ridicula si todos sabemos que lo unico que busca ya sabes quien es su beneficio.,-1
Abusadilla desdթ chiquilla sabe quien es el bueno. Diputada pase lo pase nunca pierda la cordura derechita derechita.,1
Andres Andrթs ManuelovichLovsky con esta publicacion le acabas de dar en la torre a celida ya vez que quiere ser presidenta municipal o no la apoyan por venir del pan???,-1
Tambiթn Ricardo anaya dijo eso de hecho hay un v�_deo donde se molesta por ser seguido por alguien del cisen,-1
Saludos cordiales lic. Es extraordinario su aportaci�_n,1
A tachar la boleta a favor de morena arriba amlo,1
"As�_ se habla diputada, viva morena.",1
"Gracias por todo diputada Celida L�_pez, por compartir ese tiempo tan valioso con mi niձa y sus compaձeritos, de esa bella aventura, y tambiթn gracias a su equipo de colaboracion que en todo momento estuvieron muy al pendiente de ellos _���_���_���_���_���_��_��_��",1
Muy agradecida con usted y todo el equipo de trabajo... no solo por el viaje... sino por el trabajo previo que implic�_ este compromiso con nuestros niձos... tiene mucho trabajo por delante y tiene en nosotros unos aliados inefables.,1
Muchos saludos Celida y deseՍndote lo mejor en tu nuevo proyecto con MORENA,1
"Gracias por compartir tan bonita experiencia con mi hija Mariana Eloyza Ciapara Majin, diputada Celida L�_pez",1
Enhorabuena bien por la convivencia entre j�_venes  diputada bien,1
Que padre ojala aqui en caborca organizaran algo asi,1
"Claro k va a ser diferente, porke vamos a votar x Morena y por RL cambio y tu Sra. lopez vas colaborar con nosotros para k eso suceda, o no es as�_?.",1
No Ay de otra estamos artos de pinche gobierno rata k sigue y sigue chingando al pueblo puro lopez obrador,-1
"Estamos hasta la madre de malos gobierno y de malos representantes en las camaras, si estamos convencidos de cambiar este pa�_s, pero no es con la misma gente, MORENA hoy es un nido de lobos y no representa ning�_n cambio, te pregunto a ti Celida 
Y t�_ diputada como fuiste electa hace tres aձos?",-1
Que pendeja vieja cuanto le pagaron x decir que en su estado eligen el pueblo si ay caciques pues buena lana le dieron a ella jaja,-1
"Que ya no haya voto secreto , hay que tomarle foto a la boleta una vez ya tachada ya no daremos chance a los ratas de robar votos,",-1
Como se atreve AMLO a recibir en su partido basura como tu... eso es lo que no entiendo ni entendere jamas...,-1
"nombre en hermosillo como en todo el pa�_s, el pri tendra muchos candidatos unos por parte de el pri y otros en morena con todos esos que brincan de el pri a morena, por lo tanto si, gobernarՍn los mismos.",-1
Se nota que no vivimos en el mismo Mթxico pinchi vieja ignorante.AMLO PRESIDENTE.,-1
"Ningun gobierno priista mas, Hermosillo y Sonora merecemos mas.
Es un caos en vialidad, obra publica, seguridad y endeudamiento. Vamos con Morena !!!!!",-1
"Cambio el que cada pendejo mexicano deberiamos hacer cuando se nos pide asistir a un evento a un miti o algunas cosa de esas para reclamar o pelear por un gobierno mas justo. Ahora si van como borregos como cuando votaban por el pri ahora son otra raza de borregos pero borregos al fin siguiendo a otro pastor con las mismas falsedades que todo politico ofrece. Porque hace como treinta aձos que mama del dinero del pueblo o me equivoco cual cambio entonces no es mi gallo. No tuvo capacidad en treinta aձos de hacer algo por el pais, que reformas cambio que opciones dio cuales ofrecer un poco de dinero como pri o pan y cuanto dinero tiene pobrecito hay que pobre quien se lo quiera creer . Pero voten por ya saben quien lo mismo pero actualizado.",-1
Amlo hasta la victoria,1
AMLO 2018 a chingar su puta madre el PRI,-1
POR ESO SONORA ESTՁ COMO ESTՁ TODO JODIDO,-1
Si vamos con morena,1
Pol�_tica ficci�_n!,-1
"Muy bien hecho Dip. Celida
 un gran logro!! Saludos",1
"Buen programa de la diputada, estos niձos seran ejemplo en sus escuelas.",1
Exelente trabaj�_ թxito hoy y siempre en tu Nuevo Proyecto.,1
