Mensaje,ClasificaciÃ³n
Feliz dÃ­a del niÃ±o para sus dos pequeÃ±os.,1
Me encantaaaa Mateo ğŸ˜‚ğŸ’™ğŸ˜ Marlon AT,1
Hermosa niÃ±ez !!!,1
Que liiindoos â¤ï¸,1
ğŸ‘§ğŸ»ğŸ‘¦ğŸ»ğŸ‘¶ğŸ»ğŸ­ simplemente hermosos!,1
Que lindos !!!,1
BellisimosğŸ˜,1
QuÃ© bonita foto...hermosa mi cosa bella y el bebÃ© hermoso con esa sonrisa...,1
Feliz dÃ­a del niÃ±o hermosos bebÃ©s,1
Que hermosura,1
Un merecido descanso  saludos,1
Muy bonita familia y bien merecido un descanso,1
Jajaja Martha Edith Robles Cornejo Karina Flores Jacqueline Juarez,1
Moreno Ponce omg,1
Monica Santana Pily Santana Sara Rincon,0
Que buen ambiente ğŸ™‹ğŸ»â€â™€ï¸âœŒğŸ»,1
ğŸ‘,1
Es una guerrera Olga y todos sus compaÃ±erosğŸ‘ğŸ»ğŸ‘ğŸ»,1
Esa es mi guerrera,1
ğŸ’ªğŸ¼ğŸ‘ŒğŸ»,1
"Ya lo decidieron que no? hace como 6 meses el INE dijo que no darÃ­a resultados preliminares si no le dejaban ""corregir"" las urnas. Solamente nos tienen en suspenso.",0
Vasmo con todo con nuestros  nuevo presidente  de la de publicar con Ricardo anaya,1
vamos con Anaya,1
Vamos con todo el futuro de mexico esta con anaya,1
MuchÃ­simas felicidades a su seÃ±ora madre. Dios le conceda muchos aÃ±os mÃ¡s con mucha salud y felicidad .,1
Muchas felicidades a Marielos Dios la bendiga muchos aÃ±os mas!ğŸˆğŸ,1
Muchas felicidades Marielos Cordova Madrid que sigas estando muy apapachada ğŸ‚ğŸ‚ğŸ‰ğŸ‰,1
"Felicidades, bendiciones y abrazo para tu mamÃ¡!!! ğŸ˜€ğŸ˜˜ğŸ’",1
Muchas felicidades a su SeÃ±ora madre,1
Felicidades,1
Infinitas bendiciones para doÃ±a Marielos ğŸ™ğŸ™ğŸ™ğŸ‚ğŸŒ,1
Muchas felicidades a su seÃ±ora madre que DÃ­os la bendiga.,1
Muchas felicidades Marielos  te mandÃ³ un gran abrazo,1
"Muchas felicidades MarÃ­a de los Ãngeles!!!
Saludos!!!",1
"Felicidades 
Bendiciones",1
Felizidades . !!!!,1
"Las personas con discapacidad no sÃ³lo se encuentran haciendo deporte...
TambiÃ©n lo estÃ¡n en las calles y es una frustraciÃ³n, coraje e impotencia ver esas ""banquetas"" donde no cabe una silla de ruedas, donde hay desniveles o donde ni siquiera existen baquetas y mucho menos rampas para estas personas, espero que ahora que busca el voto (nuevamente) entre sus propuestas estÃ© todo el pueblo y cuando digo todo me refiero tambiÃ©n con los que se tomÃ³ la foto para hacerse publicidad.",0
Olga Nidia Guerrero Garcia,0
Es todo a  seguir trabajando,0
#spartansau,0
#au,0
Se ven al 100 everardo pero mi dieta no la cambio ahora por nada feliz domingo en familia salu2,1
Asi la preparo pero yo le pico el tocino y agrego galletas saladas molidas,0
Muuuuuy deliciosas !!! Y los subchef tambiÃ©n se sacaron un 10 Isai Lopez y Alejandro,0
Tipo Carlâ€™s Jr,0
Luego hacemos las pizzas,0
Provecho,0
Capullo patrocinador oficial,0
Invite unas diputado ğŸ˜†ğŸ”,0
Provecho everardo,1
INVITE SR,0
Tsss,0
"Mucho Ã©xito mi estimado Everardo Lopez, Temo Galindo, Dr. Ruy, Rafael Delgadillo y a todos los candidatos de AcciÃ³n Nacional. A darle con fe , i vamos a ganar!",1
"Mucho Ã©xito Everardo, con todo y con todos... Listos para apoyarte...",1
Enhorabuena...Ã©xito...,1
Everardo estamos contigo,1
Bravoooo!!!,1
Muchicimo exito everardo..,1
"Que bonito que haya amor en las parejas, que son la cabeza de la familia â¤ï¸ğŸ’‹",1
Hermosaaa parejaaa âœ¨ğŸ™ğŸ¼âœ¨ğŸ’“,0
Hermosos ğŸ˜,0
Y si hay!!! Felicidades. â¤ï¸â¤ï¸â¤ï¸,0
Excelente Everardo y la maestra salu2,1
Que hermosa pareja!! Beeeso! Beeeso!!,0
Que bonita pareja ğŸ’•ğŸ’‹,0
Hermosa pareja!,0
Bien ğŸ’™,0
Mi pareja favoritağŸ˜,0
Que bonitosğŸ˜,0
Yeoshua Guzman:(,0
Vamos bien de frente con la gente en contacto nuestro futuro presidente,1
gente trabajadora,0
ğŸ™‹ğŸ»â€â™€ï¸excelente!,0
"Mi niÃ±a ya lo trae en lasangre le encanta el ballet y la pintura 
Inteligente y bella.",0
"Wooow que padre!!!
Las primeras compartirÃ¡n escenario!!!
Ya tendremos 2 bailarinas en la familiaâ¤ï¸",0
Muchas suerte Miranda ğŸ’ƒ,0
Prefiero los Taquis morados que se ven ahÃ­ atrÃ¡s ğŸ˜‚,0
Las mejores tortas y burritos!! (Cobach),0
Andabas desganadito jajaja ğŸ¤ª,0
Los famosos doÃ±a tere y don toÃ±o!!!,0
para la dieta,0
"Los mejores con Don ToÃ±o, y siguen estando buenos a pesar de los aÃ±os. Yo nunca comprÃ© en la tienda escolar, siempre iba con Don ToÃ±o por los burritos y tortas",0
Aguas con ka cartera el del medio es raton,0
De tutyfruty,0
"Una reuniÃ³n gratificante, plena de ideas para seguir con nuestra MisiÃ³n de apoyo a personas enfermas de cÃ¡ncer.",0
"Bonita familia Everardo, saludos!!",1
"Iglesia, cinito, comida.",0
Saludos everardo.y tambien a mi maestro ulices .,0
vamos con todo everardo al cien,1
Carne asada familiar ğŸ¥© ğŸ˜ƒ,0
A gustoğŸ‘ŒğŸ»,0
Disfrutando de la familia con una rica comida y platica amena. Bonita familia!!!,0
Con la familia y mis suegros salu2 Everardo,0
"Iglesia,familia , dia de reposoğŸ™ğŸ™ğŸ™",0
excelente domingo mi amigo saludos!!,0
Saludos familia â¤ï¸,0
PiÃ±ateando,0
Susheando ando!,0
Con la familia,0
ğŸ™‹ğŸ»â€â™€ï¸Con todo!,0
Todo el Ã©xito Everardo!,1
Con todo ever mucho exito,1
te apoyamos,1
Mire pastora Maria Mendoza,1
ğŸ‘ğŸ½,0
AquÃ­ salen buddy Alonso Rodriguez,0
Sin duda la mejor propuesta Â¡Â¡ Everardo Â¡Â¡,0
esperando...,0
Saludar,0
Toda una fiesta con casa llena!!!ğŸ’ªğŸ¼ğŸ™‹ğŸ»â€â™€ï¸,0
"Pensar en Grande con el Pan, con Everardo Lopez!! Con todo amigo!",1
Claro que vamos a ganarğŸ˜œğŸ˜œ!!!,1
Vamos con todo arriba el pan,0
Everardo âœ”,0
Ã‰xito para todos!!,0
.....,0
nos vemos mas tarde amigo saludos!!!,0
esperando...,0
"En hora buena
Justo es lo que necesita. Nuestro paÃ­s 

Personas que quieran el bien comÃºn 
Felicidades",0
Excelente...,0
Bendiciones,0
ğŸ‘€,0
Saludos al proximo Alcalde,0
Saludos Eve,0
Saludos Alcalde,0
Ya en unos dias nos incorparemos a apoyarrrr para el triunfo de todos nuUstros candIdatos del PAN!!! Saludos everdo nuestro proximo presidente municipal!!! Vamonos recioooo!!!!,1
saludos everardo lopez  de tu AmigÃ³ santos esperÃ³ que alcance el tiempo para recorrer todo san luis y su valle  urge que tedes cuenta de tantos problemas que ay hoy el dia,-1
"Saludos y mucho Ã©xito en tu nuevo proyecto, un abrazo",0
Saludos  sr. Dios lo bendiga siempre,0
Vamos con todo amigo! Por San Luis y su gente!!,0
Saludos mi everardo animooo,1
Primer comentario wii,0
Saludos Eve,0
Saludos Everardo,0
Vamos con todo,0
Wujuuu,0
Gracias por todos los recursos federales que bajaste para este municipio es un orgullo ver como esta quedabdo nuestro bello San Luis. Felicidades.,1
Yo se k usted sabe de la problemÃ¡tica k tenemos en el pueblo y su baye pero eso no nos sirve de nada si no hace nada tenemos todavÃ­a la confianza en usted k ba a hacer algo no como el k se va queremos tener poquita confianza y espero y no nos defraude no como el k quiere dividirnos al pueblo y su jente,-1
Vendiciones...para usted y fam..saludos desde santa maria ..california..,0
Un gusto saludarlo sr everardo animo mi voto es para usted,1
Futuro presidente de San Luis Rio Colorado Saludos,1
Chingon amigo.,0
Saludos everardo,0
Adelante estamos con tigo,0
"Haber cuando te das la vuelta a mis hot dogs para tomarte foto, saludos.n.n",0
Gracias diputado Everardo LÃ³pez por su visita al primer cuadro y dialogar con todos mis compaÃ±eros,1
Saludos amigo!  Y aguas con el colesterol alto jajajajajajajaja,0
Y para cuando estara abierto al publico,0
Por donde queda?,0
Lucia Isela Reyes PiÃ±ones,0
Que bella toma,0
Mi hija Lea.,0
Mi hijo Cedrik !!!,0
"#diferentecomotu 
Saludos!  !  !",0
AquÃ­ chambeando ğŸ™‹ğŸ»â€â™€ï¸saludos,0
#DÃ­aMundialDelSÃ­ndromeDeDown ğŸ‘ŒğŸ¼,0
#DÃ­aMundialDelSÃ­ndromeDeDown ğŸ‘ŒğŸ¼,0
#diferentecomotu,0
Saludos tambiÃ©n a la prÃ³xima primera dama de san Luis con el favor de dios,0
Animo diputado y maestra salu2,0
Saludos amigo!!!,0
Saludos prÃ³ximo Tlatoani,0
Bonita foto,0
Saludos diputado âœŒ,0
Jajaja muy bien saludos!!!,0
Saludo bendiciones,0
Que dios los bendiga,0
"Bien mi amigo , bonito domingo familiar !",0
"Saludos, asi es everado un gran trabajo que a realizado el padre jose luis del rio saludos!!!",1
Mi alma.mather,0
Bienvenido a esta gran Institucion!,0
"Saludos prÃ³ximo Tlatoani. Hace algunos ayeres que se te conociÃ³,  asististe en representante de un candidato a alcalde en San Luis. Hicimos un evento en mi prepa sobre polÃ­tica y candidatos, fue en el Instituto Kino y pensar que paso tanto tiempo ya y ahora el candidato eres tÃº. Saludos.",1
Todo el Ã©xito Everardo,1
Ponle un Oxxo,0
Pensar en grande,0
a un recuerdo cuando estabas en el juvenil del pan apoyando a jose ines palafox en su campaÃ±a para la precidencia nunca lo olvidare fue una de mis etapas mas bonitas de mi vida,0
"Si el oxox para que saques los cafes como antes,,",0
amigos,0
Desde ahÃ­ se alcanza a ver el oscuro manejo de la UT,-1
Sin duda San Luis tendrÃ¡ un gran Alcalde contigo mi estimado!,1
Everardo te enviÃ© un inbox please,0
Eliza FernÃ¡ndez a quien se parece? se me ase conocida!!!,0
"Empresa muy sobre saliente y responsable como pocas en san luis y no precisamente por apoyo polÃ­tico, sin embargo es bueno el reconocimiento de los polÃ­ticos!!!!",1
"Eso es todo Primo, gerentazo de Primera. Saludos te envio un fuerte abrazo.",0
"Muy interesante,",0
Angel Sa,0
Buen amigo Rafael Quirarte y efectivamente sus quesos estan al 100 bien diputado everardo por estar en en el valle,1
Que fregÃ³n diputado,1
QuÃ© bonitos se ven!,0
Guapos. Bendiciones,0
Que guapos!ğŸ˜ğŸ˜,0
Ã‰xito y bendiciones Amigo,1
"Pavimenten la Dalias que sale a la costera, esta bien jodido y si hace falta porque pasa demasiado vehÃ­culo por ahÃ­.  El pavimento que esta de plano ya no sirve.",-1
Hay que pavimentar la carretera del Valle la primer calle principal de san luis y tiene dos grandes escuelas en la maÃ±ana de 7 a 9 no se mira nada por el polvadero que hay y en la tarde de 1 a 3 estÃ¡ igual y de 6 a 8 se pone igual,-1
"Everardo y porqur no hiciste esto antes?, esperabas este tiempo para hacerlo todo?, de a tiro la chingan neta y lo peor que los ciudadanos caen en esto.",-1
La 47 para cuando estÃ¡ progamada,-1
Excelente gestiÃ³n Diputado #PensarEnGrande,-1
Que padrere,1
Te hablan Jose Mariano Meza Salcido,0
"Tienen clase de dibujo para niÃ±a de 11 aÃ±os y que costo,horario y duracion tiene el curso",0
"Y los niÃ±os de la periferia tambiÃ©n son de San Luis RÃ­o Colorado, y ellos no participan en las actividades de la casa de la culturağŸ˜Ÿ",-1
Pecio de clases de guitarra? Es el.mismo costo en mas de uno?,0
Tienen clases de pintura ??,0
Mira amor para la hillary para eya qur le gusta cantar Carlos Martinez,0
Mi Valentina preciosaaaa!,0
"W0W
Que Bonito 
Muchas Gracias",0
Y si son 2 niÃ±os o mÃ¡s tiene algÃºn descuento?,0
Mi bb ballet ğŸ˜,0
En que lugar es?? Y tienen balet??? Para niÃ±as,0
ya te queremos en la presidencia mi estimado !!,1
Disculpe cuales son las clases que dan,0
Mira Nayeli Lopez nuestras hijas,0
Eli Bejarano Gonzalez mira para el Marcos Daniel Bazaldua Bejarano que quiere aprender a tocar guitarra ğŸ¸,0
Ana Luisa Garcia Aguayo Fabby Alvarez Natalia Garibaldi Valencia lleven a los niÃ±os que padre ğŸ‘ğŸ‘,0
Magda Diaz David Diaz hermosas ellas ğŸ˜,0
Marcela Badilla,0
Alexa Reyes,0
Andrea Aislin Lopez DoÃ±ailda Rincon Adriana Herrera,0
"Muchas  gracias,  igual para sus mujeres bellas!",0
Bendiciones para su familia,0
Reciban muchas bendiciones,1
Me gusta  hay que  promoverlo aqui en san luis,1
Angela Flores Sanchez,0
Socorro Gonzales,0
Gracias a usted Amigo Everardo por estar al pendiente de nuestros jÃ³venes y de compartir sus experiencias y logros hacia nuestro municipio pero sobretodo el compromiso que existe por impulsar a nuestros jÃ³venes brindÃ¡ndole las herramientas para logrolarlo a travÃ©s de sus gestiones a nivel federal y en su momento desde una diputaciÃ³n local  quedo a sus ordenes,1
"Que hermoso estÃ¡ el bebÃ©, posando para la foto, bella familia, saludos !",0
"Que bien se ven, bonita familia , ya cerraron la fÃ¡brica? O van por el tercero. ğŸ™‚ Tania MontaÃ±o  ğŸ‘¶ğŸ»ğŸ‘¶ğŸ»ğŸ‘¶ğŸ»",0
"Felicidades Diputado
Dios los bendiga",1
"Muy bonita foto, Saludos!!",0
Hermosa tu familia mijito dtlb saludos,1
La familia ante todo salu2,0
Que bonita familia,0
Que viva la familia !!! Saludos,0
Hermosa familia,0
Feliz DÃ­a ğŸ‰ğŸŠ,1
Bonita foto,1
Muy hermosa familia  saludos ğŸ˜ƒ,0
Linda familia everardo saludos,1
Congratulations ğŸ˜ŠğŸ‰,0
"Eso de #pensarEnGrande suena y se siente bien.
Siempre en espera de lo mejor para el pueblo.
Animo y adelante!!!",1
"Como debe de ser amigo, bravoooo ğŸ‘ğŸ¼ğŸ‘ğŸ¼ğŸ‘ğŸ¼
Que gusto me da ver eso ğŸ˜ƒ
Bien por ustedes y por su ciudad!!!",1
"Leonardo GuillÃ©n Medina nos dejastes un muy buen sabor de boca, me agrada el ver que sigues con empuje...Saludos!",1
Animooooo y a darleee!!!,1
Saludos amigo Diputado. EXITOS A TODOS!!!,1
Everardo,0
Everardo âœ”2018,1
ğŸ¤”ğŸ¤”ğŸ¤”ğŸ¤”ğŸ’ª,0
"Esta fue tomada la semana pasada,, en  cecytes San Luis Son.",0
Hace un aÃ±o,0
Aqui lo miramos en TV AZTECA diputado,0
Muy padre,1
"Solo un poco de frÃ­o pero tambiÃ©n se agradece. 
Â¡Buena noche!",1
Nada como la bendiciÃ³n de tener una familia. Bonita Foto!!!,1
"Que hermosa imagen!
Cuan bendecido eres amigo!!!
Un abrazo ğŸ˜€",1
Enhorabuena sr. Diputado. Que alegrÃ­a verlo rodeado de tan bonito amor. Felicitaciones!,1
Chulada de imagen,1
Bellisima foto llena de ternura!! Saluditos!!,1
Saludos licenciado... Un abrazo ....,1
K bonita foto,1
Vendiciones ..Para su fam..,1
Dios  bendiga a ti y a tu familia. Un fuerte abrazo.,1
Felicidades para la familia,1
Hermosa toma ğŸ‘¨â€ğŸ‘§â€ğŸ‘¦ğŸ™ğŸ¼âœ¨,1
InformaciÃ³n me interesa,0
Buenas tardes podrÃ­a darme informaciÃ³n,0
Nuestro proximo Presidente de Mexico y Everardo Lopez Alcalde de San Luis #Sepuede #ConAnayaAlFrente,1
Nuestro proximo presidente de MEXICO!!!,1
Dis is insolting,0
Tan hermosa y trabajadora como su padre..Felicidades..Saludos desde santa maria ca.,1
Saludos bendiciones,1
"Que hermosa Miranda ya esta muy grandota , felicidades Everardo ,bendiciones",1
"Excelente, pensar en grande",1
Preciosa esa niÃ±a,1
Hermosa compaÃ±era!!!,1
Hermosa Miranda ğŸ˜,1
"Que dice mi mamÃ¡ que el pozolito es hasta el domingo, pero que el cafecito ya estÃ¡ listo ğŸ˜„ğŸ˜…",0
Saludos a doÃ±a gÃ¼eraâœŒ,0
Excelente..,0
Muy bien echo compa por abogar por ellos pero por que lo hace hasta ahorita que se proclamo pre candidato por que no lo hizo antes ese problema no es nuevo ese problema tiene aÃ±os y usted como diputado que  es y lo fue no creo que no se haiga dado cuenta,-1
"Muy bien diputado, hace unos dÃ­as vi un reportaje sobre ese tema, y es lamentable. Hay que apoyar a la gente trabajadora.",1
Muy bien...!!,1
ğŸ‘ğŸ‘ğŸ‘ğŸ‘,1
"Animo seÃ±or no baje la guardia el golfo necesitad de jente con poder, para el apoyo tenemos familia ucupamos trabajar pero rapido ya!!!!!!",1
"Un buen plan para terminar con los carritos felices, serÃ¡ de gran ayuda?

Como los atacarÃ­as?
Si llegaras a ser la primera autoridad municipal???",-1
ğŸ‘ğŸ»ğŸ‘ğŸ»ğŸ‘ğŸ»ğŸ‘ğŸ»,0
"Armando AlmodÃ³bar Leyva para que agas tus homosexualidades, a no puedes estas liciado",-1
Enrique Carballido,0
Normita Espinoza Hector Espinoza,0
Oscar Barnett Esquer,0
Enrique Ponce,0
Saludos,0
Vamos con todo vamos a la victoria,1
Hay que ponernos a trabajar  para ganar..y sacar adelante a san luis...everardo 2018,1
Dtb mijito.. se k lo lograrÃ¡s x tu humildad y honestidad..un abrazo,1
"Muchas felicidades y mucho Ã©xito, un abrazo",1
"UN ABRAZO, LO MEJOR PARA TU PUEBLO SIN DUDA!",1
Ã‰xito siempre,1
Vamos con todo .a trabajar x el pueblo demuestre lo contrario de lo k dicen SI SE PUEDE ...SUERTE,1
El camino no es fÃ¡cil pero con inteligencia y sabidurÃ­a entrega y humildad las puertas del triunfo se abren solas suerte ami gallo para la presidencia,1
Felicidades y atrabajar para salir adelante..vamos con everardo,1
El mayor de los exitos ever con todo vato,1
Felicidades y Ã©xito ğŸ‘,1
"Desde acÃ¡ estuvimos presentes en espÃ­ritu Everardo LÃ³pez, todo el Ã©xito del mundo!!!",1
"Muchas felicidades Everardo ! Vamos juntos y 
Vamos RECIO !!",1
Muchas felicidades mi estimado Everardo LÃ³pez he seguido tu trayectoria desde el AcciÃ³n Juvenil y no me queda la menor duda de que harÃ¡s un gran trabajo por San Luis mucho Ã©xito #PensarEnGrande.,1
"Ã‰xito y el mejor deseo de que ests etapa la iniciemos en pro de un bien supremo: los ciudadanos de San Luis, Sonora y de MÃ©xico! cuentas con mi apoyo! Felicidades!",1
"#PensarEnGrande 
Felicidades Everardo, cuenta con el apoyo de los jÃ³venes de San Luis.",1
"Muchas felicidades Everardo, por supuesto que representas la mejor opciÃ³n para la sucesiÃ³n de Alcalde en nuestro Municipio. Haz contribuido sin precedente al desarrollo de San Luis, su Valle y Golfo en la legislatura local y actualmente en la federal. Conoces y haz trabajado en las necesidades de nuestra gente.

#PensarEnGrande
#FuncionarioQueSiempreRegresa",1
Ã‰xito!! TÃº preparaciÃ³n y conocimiento en el Ã¡mbito de la polÃ­tica te respalda. Y sobre todo el apoyo de mucha gente.,1
Mucha suerte Everardo!! Que tu juventud y energÃ­a sean la base para hacer bien un muy buen presidente Municipal!!! Saludos!!,1
"Muchas felicidades Everardo, todo el Ã©xito y se que harÃ¡s un gran trabajo...",1
muchas felicidades y a darle con todo te deseo lo mejor d los Ã©xitos tu puedes Everardo,1
Es todo ever vamos con todo por el mejor gobierno que tendra san luis en su historia,1
"Que bien, Felicidades, vamos a ganar, hay que no soltar el Palacio municipal",1
Muchas felicidades y un fuerte abrazo y sobre todo mucho Ã©xito,1
"Muchas felicidades. Un saludo, Y estamos con tigo. Everardo",1
"No te rodees de empleados municipales,  buscachambas...busca gente con experiencia y preparados,  aunque estÃ©n con el ochoa.",0
Muchas felicidades a echarle ganas para lograr la meta,1
Felicidades Everardo te deseo mucho Ã©xito.,1
Muchas felicidades Ever!!! Ã‰xito! Abrazo,1
Amigo ya sabes con todo a trabajar por San Luis. Ã‰xito.,1
"Felicidades Everardo,mucho Ã©xito!!!",1
Felicidades y mucho Ã©xito Â¡Â¡,1
Muchas felicidades!!!!,1
"Muy bien Everardo, con todo por San Luis!!! ğŸ‘ğŸ¼ğŸ‘ğŸ¼ğŸ‘ğŸ¼",1
OperaciÃ³n cicatriz con tus contras de Pan.,-1
Con todo! Mucho Ã©xito Ever! ğŸ‘,1
MuchÃ­simas Felicidades!!!!,1
"Mas Unidos que nunca, con mÃ¡s fuerza y juventud bien preparada; llegaremos a cada alma, porque la finalidad es seguir transformando san luis...",1
"Bien Everardo!!!! Una persona preparada en la AdministraciÃ³n PÃºblica, con experiencia que sabe responder, joven, con nuevas ideas. #JustoLoQueSanLuisNecesita #PENSARENGRANDE",1
ğŸ’ª,0
"Un gusto compartir y coincidir  con tantos y buenos amigos en este proyecto, vamos pensando en grande!!!",1
"Pssss trucha ...mucho buscachambas, barberos, y que quieren seguir mamando...escge gente inteligente con experiencia y leal...aunque sean gente del paco.",0
2018-2021............ ğŸ’ªğŸ½ğŸ’ªğŸ½,0
"Con Everardo LÃ³pez, Un PAN fuerte y unido!!!",1
Felicidades everardo con todo por san luis,1
Con todo!! ğŸ’ª,1
Felicidades Everardo!!,1
Pensar en grande,0
Con todo y mucho Ã©xito,1
#MasFuertesQueNunca #PensarEnGrande,1
"Sip, mi novia :$",0
Antolino Sanchez Islas vecino yo se lo presentare es una persona preparada que a bajado muchos recursos a san luis a pesar de la frenadas del pri,0
Gracias ğŸ˜ƒ,0
Debo agradecer que gracias a sus gestiones ella y yo ya somos pareja. :$ #TELARIFASTE,0
Pats ğŸ‘ğŸ¼ğŸˆğŸ†,0
Los Patriotas ğŸ¤—,0
Los potros de pitiquito,0
PATs,0
Los tomateros de culiacan sinaloa,0
Fui el Ãºnico... Go Eagles,0
ğŸ¦… Eagles,0
New England,0
Patriotas !!!!,0
Pats,0
Pats,0
Pats ğŸˆğŸ†,0
PATS,0
Eagles,0
Patriots!!,0
Dip.Everardo Lopez Trabajando Por El Bien Comun,1
Holaaaaaaa,0
Asi es Diputado  hay que sacudirnos y dar un paso tras otro y vamos fuerte y a #PENSARENGRANDE,1
YA ES JUSTO DE DARLE UNA BUENA ALIVIANADA A ESE ESTADIO.,1
Con todo Ever!,1
Visitemos en colonia libertad porfa saludos,1
"Que  no  debes  andar  en  la  cd.  de  mexico, echando  fregazos  para  bajar  la  luz,  la  gasolina,   los  huevos  tan caros.",-1
Yo te espero acÃ¡ en mi colon en la grullita Everardo LÃ³pez.  Cuando vas abenir acÃ¡,0
Mi diputado lo seguimos esperando en peÃ±asco,0
que paso con la carretera del valle quedo incompleta ?,-1
Ven al  chula visto 1 tofo el fraccionamiento,0
Sr. Everardo LÃ³pez acÃ¡ en BenjamÃ­n Hill lo esperamos de nuevo kfd!!! âœŒï¸ğŸ˜˜,0
El mejor diputado del universo ğŸ˜ğŸ‘ŒğŸ½,1
Que bien  Sr.Everardo Lopez necesitamos el programa  de 65 y mas que informaciÃ³n  me puede dar,1
Me acabo de mover de esa colonia,0
Gracias a usted Sr. Diputado Everardo Lopez por apoyar este bonito deporte âš¾ï¸ğŸ’¨que gran satisfacciÃ³n nos a dado a San Luis,1
Woww,0
"Que rapido se descubren las mentiras, pues que no dice enrique reyna que todas las obras se han echo con recurso propiio y porque no dice que tambien recurso federal puro pararseel cuello",-1
"Ya toca pavimentar, no mas tierra en el cuadro de la mty ala 34 y obregon hasta nleon. 
No recarpetear las mismas calles. 
Es una nesecidad urbana 
No es comentario negativo. Ni nada por el estilo . Adarle!!",-1
Que bueno!!..espero que haya incluido la rehabilitaciÃ³n del campo de beisbol de la Chiapas y 43...Se lo agradecerÃ­amos infinito!!!...!Y VAYA POR MÃS!!!...Saludos...,0
"La carretera del valle frente a secundaria #30 esta muy daÃ±ado pavimento y no tiene seÃ±alado el paso de estudiantes, hace falta pintura..",-1
"muy bien Diputado Everardo, y sabemos que con usted vendran mejores obras en un futuro, Bendiciones",1
Pues esperamos ganar un sueldo justo todos los que trabajamos en maquiladoras y que aganmÃ¡s x todas las madres trabajadoras Everardo lopez,1
"deberian pavimentar y limpiar los calljones
callejones sin pavimento son usados como basurero",-1
Pero que sean carreteras buenas no decechables que en menos de un aÃ±o ya estÃ¡s todas feas,-1
"Bien hecho Sr Diputado ,y a seguir chambeando cada quien desde sus trincheras ğŸ‘âš¾ï¸ğŸ’¨",1
Gestiona un lugar para mi en el corazÃ³n de ella :$,0
"Pues ahi le encargo la calle 37 de la Dalias en adelante, solo la pavimentaron una vez y no se volvieron acordar de ella y ya van 3 administraciones, parece calle lista para la baja 1000",-1
#Everardo Lopez la calle 47 por favor urge pavimentacion o una raspadita ya que esta en total abandooonoo,-1
Buen dia  le tocara de perdida un.bote de pintura al.parque de la  tortuga,-1
y tambiÃ©n hay para el #FestivalTierraSonora2018 ğŸ™ŒğŸ»ğŸ‘ŒğŸ¼,1
Pues que bueno que agas tu trabajo  y que las cuentas sean claras,1
ğŸ‘ğŸ‘ğŸ‘ muy biÃ©n diputado. ExcelenteğŸ‘,1
Excelente ğŸ’ªğŸ»,1
Felicito,0
"Hector Sadol ahÃ­ te encargo que le hagas menciÃ³n de mi colonia Reforma, porque esta muy oscura y las calles feas, me interesa mÃ¡s  el alumbrado pÃºblico que no hay en la Amapolas desde la 34 hasta mÃ¡s haya de la 40 estamos en tinieblas. ğŸ˜‰",-1
Al concluir tu Periodo Legislativo ganaste casi 10 millones de pesos y gestionaste 15 millones? No subiste a la Tribuna del Cogreso hasta donde tengo entendido  Fuiste y eres de los mas faltantes,-1
"Las calles estÃ¡n intransitables y llenas de baches si no me cree dese una vuelta x los chulavistas, solo dan atole con el dedo. Lo k me llena de alegrÃ­a esque su partido el PRIAN ya va se salida",-1
"SeÃ±or diputado se podrÃ­a gestionar en la secretaria de turismo seÃ±alamientos informativos de servicio y turÃ­sticos para San Luis,  gracias por su atenciÃ³n.",0
"Buenas tardes con todo el respeto que se merece Sr. Everardo, pues ese es tu trabajo gestionar para que bajen recursos que no,",0
Porq gracias seÃ±or diputado?? Es su trabajo ahora resulta por favor mientras el pueblo se les siga incando a toda esta bola de corruptos seguiremos en el mismo oyo no se puede tapar el sol con un dedo seÃ±ores y todos esos paleros q publican gracias seÃ±or diputado ya dejen de ser lambebotas de todo este gobierno sin resultados aq en sanluisito...,-1
Ojala los utilicen en obras publicas pero de esa cantidad cuanto se van a envolsar,-1
K costo tien el d guitarra,0
Informes!!,0
Mira Janet Jimenez,0
Jennifer Lupian,0
Korine Lemus,0
"Muchas felicidades para ti y tu esposa, Everardo, por la llegada de l nuevo bebÃ©, que Dios los bendiga y les dÃ© mucha salud,para seguir adelante,les mando un fuerte abrazo.",1
Muchas felicidades Dios les permita guiarlo y amarlo como lo merece. Sin duda la mejor bendiciÃ³n para un ser humano. Un abrazo con afecto sincero.,1
MuchÃ­simas felicidades Everardo y Tania han recibido la mejor bendiciÃ³n del mundo que bello su bebe Dlb les mando un cariÃ±oso abrazo ğŸ˜˜,1
"Muchas felicidades Everardo.  Los hijos son la fuerza y motivo para seguir, para crear, para soÃ±ar, para vivir , para ser feliz.  

Que Dios los siga llenando de Felicidad.",1
Muchas felicidades maestra tania. Dios bendiga grandemente sus vidas. Me da mucho gusto verlos realizados como padres. Que bellos.,1
"Muchas felicidades Everardo, los hijos son la energÃ­a que se necesita para superar nuestras metas, en horabuena, felicidades a toda la familia!!!!",1
Muchas felicidades. Para toda la familia. Una gran bendiciÃ³n. Felicidades.  JÃ³venes papÃ¡s,1
Muchas felicidades Familia Lopez MontaÃ±o...una gran bendiciÃ³n la llegada del nuevo integrante de la familia,1
"Pero que bellooo! Muchas felicidades un miembro mas de la Familia, que padree muchas felicidades. <3",1
Que felicidad! En vdd Dios los bendiga mucho hacen una hermosa familia.... esta bello ese bebo!,1
"Muchas felicidades amigo Diputado, gran bendiciÃ³n de Dios. Un fuerte abrazo a la familia.",1
MuchÃ­simas felicidades a toda la familia!! Que bonita bendiciÃ³n!,1
Muchas feliidades mi diputado  hermoso bb y bien venido el nuevo integrante ala familia saludos,1
"Hermosoooo muchas felicidades Tania MontaÃ±o , felicidades a ambos !!!",1
Everardo Muchas felicidades por el nacimiento de tu bebÃ© bendiciones un fuerte abrazo,1
Felicidades ever un abrazo y que continuen las bendiciones carnal,1
"MuchÃ­simas felicidades estimado Everardo, vengan mÃ¡s bendiciones.",1
Bienvenido Jose Orlando Dios guie tu camino en sabiduria justicia y amor felicidades a tus papÃ¡s,1
"Muchas felicidades compa,Dios les bendiga y de larga vida para ver realizados a sus hijos...",1
Muchas felicidades. ..Tania y Everardo...bendiciones estÃ¡ Precioso ğŸ˜ğŸ˜,1
Muchas felicidades everardo y tania por la llegada del nuevo bebe  que dios los llene de bendiciones,1
"Muchas felicidades !  Que gran bendicion, larga vida y mucha salud para la princesita",1
Aww muchÃ­simas felicidades Everardo y Tania. DIOS les bendiga.,1
!Orale!!!!!!!!! Felicidades a los tres. En especial a ti TaÃ±Ã­a. Eres una bendecida. Que felicidad!!!!!,1
Muchas felicidades por el nuevo integrante de la familia ğŸ‘¶ğŸ»ğŸ¼,1
"Saca los tacos de esos que venden atras de la cruz roja, por la constituciÃ³n mejor",0
"Era vita de fresa en lugar de toronja!!
ğŸ˜ğŸ‘ğŸ¿",0
Aqui con chano...Minimo!!!!,0
asÃ­ es una de sus tradiciones mi amigo everardo,0
Lo mejor estÃ¡ x venir saludos everardo,1
Saludos Everardo LÃ³pez,0
"puro policia con sobre peso,",0
"San Luis necesita programas de educaciÃ³n,  cultura y deporte..y necesitaras menos policÃ­as!",-1
Mas recorridos y revisiones preventivas a personas deambulando Cmdt. Ortiz,-1
Con copia para el diputado everardo LÃ³pez,0
Sebastian Salazar la botarga saliÃ³ y nosotros no:3,0
Miriana Medina Jimenez ahi sale un chorreadito hermoso ğŸ˜â¤,1
Magda Avilez De Carranza LinoyGuille Delgado Jose Lino Delgado Avilez,0
"Que lindo y reflexivo video, gracias por compartir :)",0
Excelente gracias.,0
"Que pases feliz aÃ±o Everardo y que tengas un exitoso 2018 !
Un abrazo para ti y tu apreciable familia! Bendiciones",1
Feliz aÃ±o para ustedes tambiÃ©n. Que el bebe llegue a este mundo lleno de bendiciones. Hermosa familia.,1
Feliz aÃ±o maestra Tania MontaÃ±o. Muy bonita su familia un gusto verla realizada como.MAMÃ. Dlb.ğŸ˜ğŸ˜˜,1
Feliz aÃ±o nuevo 2018 Everardo bendiciones para ti y tu hermosa familia le mandamos un fuerte brazo de parte de mis Papas Sr.JosÃ© Reyes y Sra Josefina GarcÃ­a y su servidora.,1
Un abrazo lic para toda la familia lo mejor de lo mejor....,1
Que pasen feliz aÃ±o nuevo..un abrazote con mucho cariÃ±o,1
Que pasen muy feliz aÃ±o lo mejor para ustedes,1
Feliz aÃ±o y que dios los colme de bendiciones.,1
Qu este 2018 este lleno de bendiciones. Un abrazo ğŸ™,1
Feliz aÃ±o Primos!!!!,1
Feliz aÃ±o nuevo.  Everardo LÃ³pez.,1
Feliz aÃ±o,1
Feliz aÃ±o,1
Feliz ano nuevo,1
Geliz aÃ±o nuevo para toda su familia y que este aÃ±o venga con muchos exitos,1
"Feliz AÃ±o Nuevo los mejores deseos para los cuatro al lado  de sus seres queridos,mucho Ã©xito !!",1
Bendiciones Diputado que reine la salud y los Ã©xitos. Feliz 2018. ğŸ™ğŸ»ğŸ™ğŸ»,1
"Feliz aÃ±o nuevo, bendiciones y mucha salud para este 2018!!",1
Dlb hermosa familia un fuerte abrazo,1
"FelÃ­z aÃ±o nuevoğŸ™ŒğŸŒŸ
Ã‰xito mi diputado
Bendiciones a su familia",1
"Muy
Feliz
AÃ±o
Nuevo
2018
Everardo.",1
Feliz aÃ±o.....pasenla.de lo mejor......nuestros mejores deceoss,1
Que bonita familia...feliz aÃ±o  nuevo...,1
"Eso es lo que ocupamos, equipar mÃ¡s a nuestra Policia, felicidades",1
Felicidades Everardo...me da gusto el crecimiento que haz tenido en la PolÃ­tica. Te mando un abrazo desde La Paz...,1
excelentes acciones,0
Aver cuantos la estrenan esta noche  JAJAJAJAJA,0
FELIZ NAVIDAD PARA TI Y LOS TUYOS BENDICIONESğŸ…ğŸ½,1
FELIZ NAVIDAD PARA USTED Y TODA SU FAMILIA !!,1
Feliz navidad,1
Feliz Navidad,1
Feliz Navidad ğŸ„!!,1
"Que interesante, muchas gracias por compartir Everardo. Saludos y bendiciones a la familia.",1
"Y el ambiente,?",0
Creo Falto Mencionar El pescado. BUENO AUNQ. YA CASI DESAPARECE LA PESCA Y A LOS POBLADORES DEL GOLFO LES FALTA AYUDA.,-1
Falto poner un oxxo ğŸ˜,0
"!!Felicidades!!!...a ver cuando le toca al de la Chiapas y calle 43 de San Luis R.C., ....",-1
Tu si regresaste :),0
Las unidaded deportivas del ejido islita hasta cuando se ocupa el alumbrado hay equipos infantiles de beisbol que participan en ligas que ocupan campos con alumbrado,-1
"Felicidades !! Diputado ... 
se pronto tendrÃ¡n miras a mejorar las instalaciones del fÃºtbol femenil ğŸ’ªğŸ»ğŸ‘ğŸ»",-1
Desde aquÃ­ se ve la candidatura para alcalde,1
ChingoneriaÂ¡Â¡,1
"quedÃ³ muy bonito!!!...Nosotros la Liga de Beisbol Super Master de 60 aÃ±os y mÃ¡s, Estamos peleando por un espacio deportivo para nosotros los beisbolistas mayores desde 2014...El de la Chiapas y calle 43...!!Quien sabe si a nuestros ojos les toque verlo!!!...!!VENGA POR MÃS!!!...",1
Buen dia diputado estasmos recibiendo apoyos para la posada de mis niÃ±os de la colonia nuevo leon con lo que guste apoyarnos?????,0
Feliz CumpleaÃ±os !!!,1
Las unidaded deportivas del ejido islita hasta cuando se ocupa el alumbrado hay equipos infantiles de beisbol que participan en ligas que ocupan campos con alumbrado,-1
"Felicidades !! Diputado ... 
se pronto tendrï¿½n miras a mejorar las instalaciones del fï¿½tbol femenil ????",-1
Desde aquï¿½ se ve la candidatura para alcalde,1
Chingoneriaï¿½ï¿½,1
"quedï¿½ muy bonito!!!...Nosotros la Liga de Beisbol Super Master de 60 aï¿½os y mï¿½s, Estamos peleando por un espacio deportivo para nosotros los beisbolistas mayores desde 2014...El de la Chiapas y calle 43...!!Quien sabe si a nuestros ojos les toque verlo!!!...!!VENGA POR Mï¿½S!!!...",-1
Buen dia diputado estasmos recibiendo apoyos para la posada de mis niï¿½os de la colonia nuevo leon con lo que guste apoyarnos?????,1
Feliz Cumpleaï¿½os !!!,1
"Por favor bajen los costos en el estado de donde es mi esposo pagan una miseria de luz y es por cada dos meses y aquï¿½ es por mes y nos llega un dineral... Vivimos estresados porque o medio comes o pagas la luz a mï¿½ me llegï¿½ casi los$1400 de luz y gano $1000 un salario completo de una semana mï¿½s parte de la segunda semana es injusto, espero puedas hacer algo y lo mï¿½s pronto posible ahora me imagino los que viven en extrema  pobreza con estos frï¿½os y sin poder poner un calentï¿½n por lo caro de la luz, solo me hace pensar en mi niï¿½ez los frï¿½os que pase",-1
"Pues no nomas propongas, haz algo!!! Las palabras se la lleva el viento o ya con eso de quitaste el sueldo y el raquï¿½tico aguinaldo, digo ""bono legislativo""????",-1
Sobre todo aquï¿½ en San Luis Rï¿½o Colorado deberï¿½a de haber subsidio pues ya que es la ciudad mï¿½s calurosa,-1
Pero que se haga la tarifa Bara! #sepuede,-1
Gracias por su lucha por tan apremiante nececidad se que logtara ser rscuchado y que se tome en cuenta su propuesta saludos y bendiciones,1
Bien hecho Sr. Diputado a seguir luchando por la gente de su Distrito ??,1
Saludos prï¿½ximo Alcalde,1
??????,0
INBOX,0
"Caborca,  por  favor  Caborca.",0
La verdad esas palabras ae perderï¿½n en el olvido solo debiï¿½ haber dicho dejen de robar a COMICION FEDERAL DE ELECTRICIDAD y directamente al GOBIERNO FEDERAL que usa esta instituciï¿½n con abuso como en todo lo que puede para seguir robando al pueblo ala sociedad MEXICANA que con todo el esfuerzo del trabajamos solo para dejarles todo lo que con gran esfuerzo ganamos son peor que los rateros que entran en nuestras casas diariamente y tenemos que cuidar pero esos por viciosos o por la falta de valores no inculcados por sus padres pero estos hombres son estudiados y nosostros confiamos en ellos para que nos representen y solo recibimos avisos cobros de impuestos energï¿½a llï¿½mese como se llame esto se hacen es robar sangrar al pueblo todavï¿½a no les es suficiente todo lo que an saqueado a Mï¿½xico todavï¿½a no les es suficiente tan alza de precios en la comida servicios escuelas son uno hambriadores rateros abusivos nefastos que destruyen nuestra soberanï¿½a y todo lo que pueden solo por el amor al poder y al dinero y al poder y todas la instituciï¿½nes son solo establecidas segï¿½n para ayudar pero es solo para fregar mï¿½s al pueblo a e estï¿½ asteado de tanta porquerï¿½a pero lo de la luz raya en una burla un mes que no hace aquï¿½ en San Luis el mes de octubre ya no hizo calor y paguï¿½ 900 y nov tampoco hizo calor pero me llegï¿½ 1789 pesos si no es un absurdo burla es la que nos hacen y nosotros solo tenemos que aguantar ya es inaguantable esto dejen de robar COMICION FEDERAL DE ELECTRICIDAD RATEROS son unos  VERDADEROS,-1
?,0
Felicitaciones para ambos. Tania hermosa. Y quï¿½ mï¿½s bendiciï¿½n que un bebe llegue a ser parte de una familia que lo espera con tanto amor. Muy bonitas palabras Everardo.,1
"Que bonitas palabras, son una gran familia. Aï¿½o nuevo, nuevo integrante bebï¿½ Josï¿½ Orlando.",1
"Que hermosa pareja, y asi tmb seran papas buenos. Diosito los bendiga.",1
Muchas felicidades Everardo Lï¿½pez  y su esopa x el nuevo integrante k ya vienen en camino primero Dios,1
Muchas Felicidades alos dos y quï¿½ pasen una feliz Navidad y un prï¿½spero aï¿½o nuevo,1
Felicidades k diosito les de muchos hijos mas! Un saludo!,1
Muchas felicidades....shiri tania.....son una bendicion estas criaturas hehee bienvenidos al club de 4???,1
Muchas felicidades a usted y su esposa dios los bendiga mucho y a la niï¿½a tambiï¿½n felices fiestas y un mejor 2018,1
Muchas felicidades y mil bendiciones en la llegada del nuevo bebï¿½ !!,1
Muchas felicidades y que el bebï¿½ venga lleno de bendiciones para toda la familia.,1
"Muchisimas felicidadeees, bendiciones a su bella familia!!",1
Que mejor regalo para el 2018 que la llegada de tu bebï¿½ !! Empezarï¿½s sin duda con el pie derecho amigo !,1
"Quï¿½ bella maestra??, por fuera y por dentro. Dios los bendiga.",1
"Hermoso regalo. Bendiciones para la familia completo.  

Un beso a Tania!",1
Muchï¿½simas vendiciones..para usted y su hermosa fam...y k mirandita no se ponga celosa...,1
Muy bendecidos con un bebï¿½ mï¿½s!!! Abrazo enorme ?,1
Felicidades y que todo valla bien saludos ï¿½ï¿½ï¿½,1
Muchas felicidades y muy bonita familia,1
Dios mediante asï¿½ serï¿½ compa... saludosï¿½ï¿½,1
Animo y muchas felicidades ....,1
"Muchas muchisimas felicidades ,Dios les siga bendiciendo",1
"Muchas Felicidades, bendiciones.",1
"Felicidades y que mejor regalo para este 2018, Felices Fiestas!",1
Felicidades por el nuevo integrante!,1
Que belleza ...a disfrutar los regalos de Dios,1
"Saludos Everardo, muy buena foto con Ricardo. Saludos y ï¿½xito en proyectos venideros.",1
Sin duda !,0
Ta peor que peï¿½a Nieto,-1
???,0
ANAYA 2018!!!,1
Sin duda asi sera proximo presidente de mexico,1
Les deseo suerte! La va a necesitar,-1
Sin duda los prï¿½ximos,0
nooooooo,-1
Wujuuuuuuuu Lulu Lopez Sanchez ya tenemos un viaje gratis (8 oooh digo ya tienen un viaje gratis jajajjajaja felicidades tioo que lo disfruten mucho ?,1
Mira amor Lulu Lopez Sanchez,0
Felicitaciones,1
"Le irï¿½ muy  bien, mi diputado...Mï¿½xico ha sido siempre un equipo luchador...como usted...Saludos...",1
"Alemania  1o ...Mï¿½xico 2o primera fase y  a pelearnos con Brasil en la 2a fase creo asi esta el rollo...y en lo otro si gana Meade nos la acaba de enterrar ,por otro lado si gana AMLO tons si me voy de mojado  Canada",0
Mï¿½xico y Alemania,0
Muchas felicidades para usted y su aprecuiable familia...!!FELIZ NAVIDAD!!!...De parte de la familia Avalos Yescas...,0
"Hola Jorge Alcaraz , eres el ganador de un viaje en globo para ti y un acompaï¿½ante. ï¿½Felicidades! Envï¿½ame un inbox para ponernos de acuerdo.",0
Yooo,0
Dale likeeeee Amada Palominos?,0
Angel Garcia,0
Felicidades excelente ..,1
Excelente Diputado,1
Muy bien buen dia soy el profesor luis castro comicionado en la escuela 6 de abril de la colonia nuevo leon me gustaria pasaran mi mensaje la escuela es una escuela con muchas necesidades para si alguna asociaciï¿½n o politicos gustan ayudar ya que el gobierno desgraciadamente no apoya algunas necesidades son pintura para pintar el exterior de la escuela porta garrafon bosina material para hacer deportes material de limpieza entre otras cosas dejo.mi telefono por si alguna persona esta interesado en ayudar la comunidad mis niï¿½os y yo estariamos muy agradecidos 6538499404,-1
"Hermosa vivir la vida con amor al projimo es lo maximo del ser humano
Mis respetos para esta Dra.",0
Hermosa viejita ..,1
un saludo everardo.a ti y a tu familia..abrazo desde caborca compaï¿½ero !!!,1
"Muy bonita familia, saludos y bendiciones.",1
Felicidades Everardo  un abrazo bonita familia. .,1
Ya casi listos para el 4 !!!!!,1
Hermosa la pequeï¿½a bailadora.,1
<3 Muchas felicidades por ese nuevo bebï¿½ que viene en camino!  Tania siempre ha sido una niï¿½a excepcional Dios les siga bendiciendo.,1
Felicidades everardo,1
Muy  BELLOS RECUERDOS,1
Ahora vive solo en mi memoria.,0
Muy bonito y funcional...Felicidades...Esepremos que el campo de la chiapas y 43 quede igual o mï¿½s bonito...Desde luego con su invaluable ayuda...!!VAYA POR Mï¿½S!!!...,1
"Muy bien dicho...Y a ese propï¿½sito, la Liga de Beisbol Sï¿½per Master de 60 aï¿½os y mï¿½s de San Luis R.C., estamos luchando desde el 2014 por obtener un espacio deportivo en donde podamos desarrollar el deporte de nuestros amores...Solicitamos amablemente nos apoye e interceda ante el municipio de San Luis, para que se agilice el trï¿½mite de regularizar el campo de la Ave. Chiapas y calle 43...Mucho agradecerï¿½amos su intervenciï¿½n a nuestro favor...Si requiere detalles, comunicarse al 653-119-46-51 con un servidor...De antemano...!!!GRACIAS!!!",-1
Logrado,1
Seeee jiji ??,0
my campion EVERARDO,1
"felicidades por su trabajo...Lo seguimos esperando en la Liga de Beisbol de 60 aï¿½os y mï¿½s, para platicar sobre la rehabilitaciï¿½n del campo de la Chiapas y calle 43...!!VAYAN POR Mï¿½S!!!!....",-1
"La Liga Rural de Beisbol Agrario de San Luis A.C. no recibio  ninguna invitacion, recuerde que el valle tambien es parte de San Luis,",-1
ï¿½xito seï¿½or diputado.,1
"DISCULPE  DIPUTADO,  Y  USTED  NO  MANEJA  BECAS  ASI  PARA EL  DISTRITO  3  EXCTAMENTE  EN  H. CABORCA,  SONORA. ???",0
"Muchas gracias Sr. Diputado por la atenciï¿½n y el apoyo brindado, vamos por mï¿½s ????",1
LA GARITA VIEJA...,0
Y k a?o biene siendo la foto,0
Ahorita voy,0
Patricia Reedus,0
"Estimado Everardo agradezco todas tus atenciones y apoyo incondicional que hemos recibido para la realizaciï¿½n de esta Misiï¿½n Comercial Mï¿½xico Colombia, que sin duda tendrï¿½ excelente resultados donde buscamos fortalecer nuestro mercado interno y diversificar los lazos comerciales de nuestro paï¿½s, mi admiraciï¿½n, agradecimiento y reconocimiento por todo tu apoyo. Un Abrazo.",1
Excelente reuniï¿½n..,1
Gerardo Alvarado,0
"Muchas felicidades por su hermosa familia, que gusto saber que estï¿½n esperando bebï¿½, que Dios los bendiga ??",1
Bonita familia han formado,1
Muy bonita su familia diputado,1
Una Linda familia.,1
Vendiciones para su familia,1
Abrazo para toda la familia mi estimado amigo ?,1
Muy bella familia !!!,1
Felicidades por el nuevo BB ?,1
Vendiciones y miranda muy hermosa,1
"Datiles, por supuesto.....",0
Empanadas de calabaza,0
Datil,0
Datiles y chocolates,0
Excelente !! Muy buen trabajo ...,1
"buen dia diputado saludandolo y recordarle que esta abandonada esta area de san luis los ratas nos traen de  la fregada,,,,, tienditas picaderos de todo y bueno espero su atencion   col. soonora cjon. nayarit 11 y 12",-1
ï¿½xito diputado !! Esperemos pronto se logre una transformaciï¿½n para el fï¿½tbol femenil..,0
Seguimos esperando el tope o reductor de velocidad en el parque abandonado de LEY DE ALFABETIZACION C Y 47.,-1
Venga a Luis b. sanchez. Nomas pintaron las rayas que dividen los carriles en la carretera. Y los baches estan donde mismo,-1
Buenos dias felicudades mi nieto tambien esta le gusta mucho el futbol esde los mejores gracias,1
 Que tal Everardo soy Fco. Silva sobrino de Roberto Vanegas y hermano de Eila Nalleli Silva Ortiz tu ex- compaï¿½era de escuela soy simpatizante y quiero apoyarte para ahora en las elcciones tomame en cuenta contigo eh Saludos dentri del partido me conocen como el Panchito Silva ok puro AZUL puro PAN,1
Pues si pero quitaron lï¿½mpara de la 39 para a completar donde inauraron y no las repusieron  k les pasa? ??,-1
"Muy bien, siguiente paso, alumbrar el campo de beisbol de la colonia Topahue, vamos por mas :D",1
"MUCHAS FELICIDADES POR ESE LOGRO, SEï¿½OR DIPUTADO...CON ESE MISMO ENTUSIASMO, LE HACEMOS UNA AMABLE PETICIï¿½N DE LA LIGA DE BESIBOL DE 60 Aï¿½OS Y Mï¿½S, PARA QUE INTERVENGA ANTE EL MUNICIPIO Y ACELERE EL TRï¿½MITE DE REGULARIZAR EL CAMPO DE LA CHIAPAS Y 43, YA QUE DESDE EL 2014 ESTAMOS SOLICITANDO ESE ESPACIO PARA NUESTRA LIGA...MI CORREO ES arsenio.avalos@hotmail.com Y MI TEL.CEL.ES 653-119-46-51...MIL GRACIAS POR SU ATENCIï¿½N...",1
Tomar Niï¿½o que guapo tï¿½ miras ???,1
naaa no contestan pero bueno ya vienen las campanas  en fin,1
Muchï¿½simas gracias,1
Con todo Everardo es lo que se ocupa,1
"Y la seguridad...cuando ?
Andan a salto de mata los rateros",-1
Y el campo  tingolo cï¿½ando se diputado,-1
Tanto presupuesto ya era hora!!,1
Sisi fabulosos no se rajen,1
Jajajaja,0
Dorina Morales,0
Antonio Solis,0
Dorina Morales,0
Ferny Bacaneri,0
Marisela Fraijo de Abril,0
Muchas felicidades! Tania Montaï¿½o que Dios los bendiga juntos muchos aï¿½os mï¿½s  y que la familia siga creciendo ????,1
Muchas felicidades. Everardo Lï¿½pez. Que Dios los bendiga y que sean muchos mï¿½s.,1
"Muchï¿½simas felicidades, Dios los conserve siempre juntos y siempre unidos!!! Abrazote cariï¿½oso ?",1
Felicidades DIOS Bendiga su matrimonio por muchos aï¿½os mas?,1
Felicidades y que la felicidad perdure para siempre son mis buenos deseos para los dos,1
"Felicidades, Dios los siga llenando de bendiciones, dicha y muchï¿½simo Amor!!!",1
faltaba mi cosa bella en la foto.... muchas felicidades por sus 6  aï¿½os de matrimonio ....y los que faltan.,1
"Muchas felicidades! Bendiciones, que la felicidad perdure para siempre",1
Felicidades dios les de muchos aï¿½os mas y siga bendiciendo su matrimonio,1
"Muchas felicidades mi distinguido, Diis los siga bendiciendo con muchos aï¿½os mas.
Un fuerte abrazo y mil bendiciones!",1
Felicidades.. que cumplan muchos mas..y que sean muy felices,1
Muchas Felicidades! Dios los siga bendiciendo con muchos aï¿½os mï¿½s en su matrimonio,1
Felicidades !!! Que El seï¿½or Bendiga su matrimonio cada dï¿½a de sus vidas ?????,1
"Muchas felicidades mi buen amigo, Dios los bendiga y conceda muchos mï¿½s.",1
"Muchas felicidades que sean muchos mï¿½s, para toda la vida.",1
muchas felicidades mi estimado diputado y que sean muchos mï¿½s,1
Muchas felicidades vendiciones para tu familia,1
Muchas felicidades que vengan muchos mï¿½s,1
Felicidades!,1
"Muchas felicidades,,  
Dios le permita muchos mï¿½s",1
Muchas felicidades y muchas vendiciones,1
Muchas felicidades a los dos ?mi estimado ???,1
Felicidades un abrazo,1
Oxigeno,0
Hola Everardo Lï¿½pez. Saludos cuando bendras ala Grullita. ??,0
Buen trabajo lic.,1
Saludos diputado,1
??,0
"Saludos , Everardo !! Seguimos pendiente !",0
Buen trabajo como siempre Licenciado,1
"Excelente decisiï¿½n Diputado, todo el apoyo a la Cultura!!!",1
???????? Excelente!,0
Muy BIEN...!!!,1
Y la seguridad de San Luis ?,-1
"Cuanto guste volver a nuestro 
Pueblo Everardo Lï¿½pez !!",1
Saludos desde Benjamï¿½n Hill. Everardo,1
Felicidades Dr. Eduardo Diaz.,1
Y el distrito 1 cuenta con 13 municipios ?,0
Sr everado lopez Creo que usted hizo una promesa con las seï¿½oras Yetlanezy Lopez Yuri Ruvalcaba Rincon Cï¿½rdenas Rosa sobre la escuela Miguel Hidalgo Y Costilla,0
Everardo Lï¿½pez. Ven ala Grullita. TAM acï¿½ queremos que vengas,0
Saludos desde Benjamï¿½n Hill . Diputados.,1
Gracias a usted diputado por atender nuestro llamado.,1
Everardo Lï¿½pez. Yo quiero platicar con tigo cuando puedes venir ala Grullita.,0
Muchas gracias diputado por la disposicion y el apoyo con nuestra gente trayendo ratos agradables de convivencia. Estamos a la orden,1
Quï¿½ padre,1
Muchas felicidades ...hermosa labor dios lo vendiga saludos desde santa maria California..,1
Gracias por su apoyo Everardo Lï¿½pez,1
Triste su final ?,0
"Everardo Lï¿½pez, demasiado internet por hoy.",0
Deberï¿½an de poner transporte escolar en cada escuela yo creo que hay suficiente presupuesto para eso y mas,1
Diputado Everardo Lopez se que las escuelas son de Estado me daria gusto viniera a LBS a la escuela Primaria Heriberto R Silva ya tienen aï¿½os con un problema de electricidad  y aun no tienen solucion,-1
Centro de Atencion Multiple 42 m Av. Kino y 37 lo esperamos.,0
te espero everardo lopez escuela despertina nueva creacion ejido islita mucho niï¿½o de bajo recursos alberto hdez Alberto Hernandez Urias,0
Esperamos tenerte pronto en EL FRONTERIZO. Tenemos 37 niï¿½os.,1
Cuando a la Esc Juan Escutia chiapas b y 38,0
Jose vasconcelos av. Alfabetizaciï¿½n y 27,0
Que Bella niï¿½a!....Saludos...,1
Igual mente fam.hermosa,1
Hermosa fam..dios derrame vendiciones..,1
Eso abla bien de ti y de nuestro partido acciï¿½n nacional. Everardo Lï¿½pez. Por que acciï¿½n nacional si cumple los panistas siempre tenemos palabra y si cumplimos,1
Muchss felicidades por ayudar anuestros hermanos y bendiciones,1
"Exelente, muchas felicidades.",1
lofelicito seï¿½or eso abla delo q es usted en persono,1
Bien por usted!!!!,1
"Mi estimado Diputado , en el primer encuentro que tuvimos te comentï¿½ lo que era un clamor, la clase politica en general esta devaluada, sumamente devaluada, es lamentable que la sociedad en conjunto haya presionado para que los partidos hayan tomado esta determinaciï¿½n. Hay otro clamor, la eliminacï¿½ï¿½n de los Congresistas por los que nadie votï¿½. esperemos que no haya otra catï¿½strofe para que se considere la eliminaciï¿½n de Diputados que nadie quiere y que solo representan una tremenda carga en detrimento de programas sociales que pudieran ayudar a los que menos tienen que son millones. Veamos si efectivamente la gente manda .Se te aprecia en lo personal, Atte Juan Luis Blancas.",-1
"Felicidades Dip hogala dicha iniciativa llegue a los estados y municipios donde Dip locales y regidores tenga algo de iniciativa para los recursos que sirven solamente para imagen y gastos etc.. lo destinen para programa. Sociales,educaciï¿½n cultura programas de drogadicciï¿½n etc... mejor la sociedad ocupa acciones no polï¿½ticos de paja",-1
Bien Diputado cada vez mas me siento orgullosa de ser parte de mi gente servidora de mi partido vamos bien personas como usted que siente las nececidades y el dolor de nuestris hermanos un fuerte abrazi,1
Ciudadanos afiliados a algun partido politico o meramente apartidistas??,0
"No se esperaba menos de ti diputado,excelente ????????",0
Muy bien!!! ?? vamos a trabajar por un mejor futuro!!,-1
Excelente !!! ???,0
Bien Diputado!!!,1
Excelente!!,1
MAINCRA,0
Es el 100 en el 2018,0
"El 100% de lo que resta del aï¿½o, osea el 25%",0
?,0
?????,0
Tengo muchas cosas en mente que quisiera decir pero....solo esperï¿½ que esto se cumpla para ï¿½l bien de Mï¿½xico porque con estos acontecimientos que estï¿½n pasando los mexicanos estamos unidos y si ï¿½l gobierno no hace nada y los partidos polï¿½ticos tampoco lo que va venir pasando es que ya no cuenten con nuestro voto para nada no queremos mas un gobierno tan nefasto comonelnque tenemos ni mas gente en la cï¿½mara de gobierno inflï¿½ndose los bolsillos a costillas de los mexicano porque va a llegar ï¿½l momento de levantarse en armas y bajarlos de donde estï¿½n amo mi paï¿½s soy apegada a mis ideales pero esto que esta pasando me tiene indignada,-1
En enserio? ! Despuï¿½s de tantos bla bla bla y que la ley... Bueno... Nunca es tarde  para hacer lo correcto  ..,1
Todo se puede aser cuando uno se lo propone .,1
GGG,0
Canelo,0
Ggg???,0
Canelo,0
al bueno,1
Canelo,0
Ay noooo ??? que porteeeee de esta muï¿½equita!!!! ?????,1
Q bella Niï¿½a!!! Everardo. Muy simpï¿½tica :),1
"que hermosa !!!! mmm ya quiero ver al charrito , oh cura Hidalgo !!",1
Que princesa tan bella..dios se la cuide..ya grande miranda..??,1
Muy hermosa su hija Everardo un ?,1
K bella c parese a su mami y sus tias,1
HERMOSA NIï¿½A.            ???,1
Que porte de esta belleza,1
Hermosa?,1
Que hermosa saludos Everardo,1
Hermosa su niï¿½a ???????,1
Muï¿½equita hermosa,1
K chulaaa,1
K guapa tu hija,1
Hermosa princesa,1
Hermosa saludos,1
Es una presiosidad,1
Hermosa,1
Quï¿½ hermosa!! Su hija Everardo...,1
Hermosa!!!,1
Hermosa !!,1
k preciosa mexicana,1
Esta preciosa la niï¿½a y ya muy grande muy elegante con su vestido muy Mexicano.,1
Bellï¿½sima!,1
Muchas gracias muy agusto una tarde diferente ?,1
Con mucho gusto a la otra te acompaï¿½o,1
Gracias diputado EVERARDO lopez por su. Visita hogala dichas propuestas expuestas por nuestra delegada Martha Cecilia Camacho se lleve acabo por el bienestar de nuestra comunidad como las realizadas hasta hoy por nuestros gobernantes,1
Si pues quieres ser presidente de san Luis por eso toda esta publicidad,-1
"Necesitamos una avenida obregon con 6 carriles y varias calles y avenidadas tambien minimo de 6 carriles con semaforos inteligentes ....en san luis al paso que vamos terminaremos atorados en todos lados todo esta muy mal planeado, ...hasta los nuevos fraccionamientos con unas minicalles... Para invertir menos y poder robar mas ...es lo unico que se me ocurre",-1
"De pï¿½rdida una limpieza por la 48 a orillas del canal de la libertad hacia el lado sur es muy necesaria
Nomas vinieron las mï¿½quinas a sacar cochinero del canal y ahi dejaron todo. Los carros se quedan atascados",-1
Como siempre purascalles lo mas biable para obtener ganancia everardo el monto k se bajo destinado a emprendedores k fueron algunos millones el aï¿½o pasado fue una buela primer paso pedian de2000 a 5000 pesos paracapacitarte y bajar el proyecto segundo paso te dicen ya estas adentro 3er paso no pudiste kedar resolucion saken cuenta rasa ejemplo 2000 pesos por 100 personas son 200mil le san aolamente a uno 50mil y ellos se kedan con 150 osea nosotros mismos le damos el dinero ala gente ke logra el proyecto 100personas le damos a una sola mas. 150mil a los k capasitas y el dinero osea recurso federal keda limpio para repartirse ya basta ayude bien compa aki en el golfo se tumban la barra con pavimentacion la gente no le va a dar mordida alas banketas ni al pavimento yaa baasta,-1
"Oiga mi sï¿½per diputado ï¿½y los videos de  Altar, Atil, Benjamï¿½n Hill, Caborca, Oquitoa, Pitiquito, Puerto Peï¿½asco, Santa Ana, Sï¿½ric, Sonoyta,Trincheras y Tubutama, pa' cuï¿½ndo?",-1
"Y Que ganamos si a los 3 meses ya no sirven si no dese una vuelta por la Oregon,que corriente el material se nesecita un supervisor independiente que se venda que no acepte moches y se haga de la vista gorda y la empresa haga lo que lesde la gana",-1
"Aver para empezar se asen mejore cosas en san Luis cosas k no avï¿½a gracias a eso otra cosa todo ï¿½l pueblo paga predial,impuestos,tenencia,cobro en la caseta  ï¿½l presidente dice k con recursos d lo k se junta en la caseta se pallimento la 5ta claro k eso es mas k mentira puedo poner la foto del recibo cuanto fue lo k nos cobro cuando entregaron volantes k iniciarï¿½a la obra decï¿½a k total mente gratis y no fue asï¿½ lo k mas coraje da es d k cobren algo k todo ï¿½l pueblo usa la banqueta d acuerdo a k la cobren pero ï¿½l pallimento x dios es lo mas tonto eso le corresponde al presidente Xk no solo las personas k vivien x esa avenï¿½a usan la calle tambiï¿½n la usan las patrullas,ambulancias,bomberos,taxis y peceras",-1
Y la calle 47 para cuando nesesitan pavimentar esa calle para k se deaoge un poco la calle 42 ya k en las maï¿½anas y tardes en entrada de los estdiantes y los trabajadores de las fabricas se asen embotellamiento de tanto trafico o ojala  al director de obras publicas se le diera cuenta k en la calle 42 ya piden los semaforos a gritos k sed cuenta k san luis ya  no es el mismo rancho de algunos aï¿½os atras,-1
"Se ha pensado en arreglar, reparar los baches y seï¿½alamientos de la carretera de san luis hacia el aeropuerto de Mexicali o eso le corresponde a otra dependencia? Pensando que todos viajamos por esa carretera hasta usted Everardo Lï¿½pez. Es muy peligrosa y demasiado transitada",-1
aver que alguien me explique todas las obras realizadas en san luis son hechas por recursos federales y no por el ayuntamiento que quien nos gobierna solo a sustraido los recursos del ayuntamiento para sus familias y allegadoscon malas obras como los parques mal hecho todo  ????,-1
"Ay seï¿½or diputado Everardo lopez de antemano me dirijo a usted  con el devido respeto. Me manifiesto como ciudadano san luicino en mi libre exprecion , dando una aportacion en mi opinion  sobre cada proyecto plantiado para san luis. En mi opinion yo como ciudadano estoy inconforme como se distribuyen proyectos a beneficio de la ciudadania, veo una decigualdad por hejemplo que se a echo por la colonia mezquite se lo dejo a su conciencia y esperando su respuesta gracias.",-1
Necesitamos accion aki en Sanluis RC no nomas decir necesitamos actuar en equipo todos junto diputados gobiernos municipal. Y federal en todos. Y para todos k no nos echamos la bolita unos a otros amigos echarle ganas al pueblo,-1
Jaja nombre si dos bancas salieron en 4 millones de pesos Imagï¿½nense el dineral ke se va a llevar asiendo eso nombre va Aser mï¿½s dinero ke de lo debe Mï¿½xico con la deuda externa bueno no mï¿½s digo,-1
"Aparte que carecemos de pavimentacion en un 70% de la Cd,y acondicionamiento a lo que ya esta,,, se ocupa urgentemente ,semaforos en diferentes puntos y cruceros importante.",-1
X k no arreglan  las reales necesidades d l ciudad k bajen l luz y el agua k haya mas empleo con mejores sueldos x k permiten las autoridades sueldos miserables en las fabricas,-1
Para mi deverian modernizar las peseras k es un cochinero de servicio publico o  estoy equivodo diganme ustedes por favor,-1
Alguien me puede decir cuando le va tocar pavimento a la sonora de la 34 a la 42,-1
Faltan las carreteras del valle Everardo Lï¿½pez se olvidan mucho del valle y la mayorï¿½a de ahï¿½ son los que mï¿½s los apoyan con el voto,-1
empiesen adentro del cereso  k tambiï¿½n es familiar los fines de semana asï¿½ como sacan dinero de ay a reglen escaleras banketas canchas,-1
El libramiento para sacar a los trailers y viajeros de la obregon es una necesidad inmensa y pasan y pasan  gobiernos y no lo hacen....,-1
"Uy si como no,, es un asco las calles y con las lluvias sus calles pavimentadas se llenan de baches",-1
Ya necesitamos  y calles y callejones pavimentados en los cuadros primeros de la ciudad,-1
Echense un pseo por constitucion asia campamento de echo asta el 57es un asco intransitqble segunda cuarta feluxcontreras livertad bueno puedo segir y seguir,-1
"20 millones de pesos  es poco Sr. Presidente.....todas las calles de San Luis estï¿½n empezadas con pavimento nunca las terminan quedan a medias...y
aprovechando Sr. Everardo la solicitud de pavimentaciï¿½n del 
CALLEJON V. GUERRERO Y CALLE 32 tenemos el CENTRO DE SALUBRIDAD ENFRENTE UN VADO
que personas mayores de la tercera edad  ,niï¿½os .,mujeres embarazadas cruzan la calle y en verdad Sr. Presidente ...es un RIESGO.
A UNA CUADRA TAMBIï¿½N...LA DELEGACIï¿½N PRINCIPAL DE ï¿½STA CIUDAD.....DLBDE CADA Dï¿½A TRANSITAN LA PATRULLAS  CON VELOCIDAD NO MUY MODERADA.
Gracias de antemano y deseo no haga caso omiso de  ï¿½ste mensaje .
Un saludo y deseï¿½ndole muchos ï¿½xitos mï¿½s.",-1
Siiii  en tiempo de calor  aki  URGE   COMODIDAD  PARA TRASPORTE ....,-1
Mas bien nos vamos a emparejar -con un huracï¿½n que nos deje en partes iguales...,0
Y les falta el golfo de santa clara .. Saludos,0
Te estoy esperando mi diputado amigo,1
Falta el ejido lagunitas!!,0
"Protagonismos y estrategias de campaï¿½a! Recuerden , se avecinan tiempos de electorales! Mi humilde opinion personal",-1
Hubieses pasado por la colonia nuevo leï¿½n y capaz y te quedas sin oficina mï¿½vil de tanto bache que hay en esa terraceria porque de carretera ni la linea queda saludos,-1
"Sr Everardo pensar en grande es recordar que la colonia vivah existe en san luis rio colorado tambien y que existe un parque recreativo para las familias ya le habia comentado que la invercion que se hiso anteriormente se la llevï¿½ la actual administracion dejando un parque desolado y sin juegos ni cancha deportiva.
Ley de alfabetizacion C y 47.",-1
"mi pregunta es: Porque no empezo con esa ""oficina movil"" en el 2015??? porque hasta hoy, que empiezan los tiempos electorales????? que hizo desde el 2015 hasta estas fechas???? aparte de cobrar por aprobar mas reformas para chingar al pueblo????? que alguien me explique!!!!!!",-1
"Cuanto le costo este camioncito? Everardo Lï¿½pez
Para tener tu oficina mï¿½vil hubieras agarrado una de las peseras de transporte pï¿½blico y sientas lo mismo que sentimos las personas que las usamos. 
Seguro que este gustito te lo pagamos los sanluisinos con nuestros impuestos",-1
Ai vienen las elecciones ay k enbobar ala gente jajaja,-1
"Gracias seï¿½or diputado sabï¿½a que San Luis le interesa, esta maï¿½ana recibï¿½ la llamada esperada.",1
Muchas vendiciones un cordial saludo de luis b sanchez,1
Animo mi bro..DIOS TE Bendiga,1
Que bueno ojala se siga trabajando asi ??,1
Ya pasaste entre la 26 y 34 . libertad. Y guerrero??,-1
animo Licenciado,1
K precioso!!,1
Wow que bien mucha suerte??,1
animo seï¿½or,1
Al volante y toda la cosa,0
Saludos compa,1
Que buen anucio,1
Saludos Diputado vamos adelante 2018,1
La chidaaaa tu motohose.,1
"Muy bien?
Bendiciones!!",1
"Seguro.
..",0
???,0
"Sr everardo el basuron cuando se va arreglar eso lo prenden cada rato los mismos viciosos es un problena aï¿½ejo q prenden dizque el relleno sanitario y es un tiradero. Pasan los presidentes y no hacen nada y sigue prendido desde yuma se ve la nube toxica y no hacen nada, hasta verguenza da q a los del municipio no le afectan estar aguantando los olores y la polvadera de la orilla de san luis. Urge q riegen  y emparejen las principales calles de uso.",-1
No se olvide de la aviasion uno  munchas felisidades por sus logros nosotos sienpre estaremos con tigo aqui tienes tu jente que que cuentas con nosotros colonia ganadera y aviasion uno saludos,-1
gracias diputado EVERARDO LOPES POR BAJAR MUCHOS RECURSOS PARA SAN LUIS SI NO FUERA POR USTED COMO ESTARIA SAN LUIS,1
hola everardo gusto saludarte pro los campos del ejidoislita pra cuando  nos los arreglan,-1
La ciudadania ya no cree en falsas Promesas y vivir a costillas del pueblo.  Ya esta hartha.,-1
"Es parte de tu trabajo, es una obligaciï¿½n, para eso estas",-1
En el golfo no as hecho nada k yo sepa,-1
Ya no queremos mï¿½s rateros,-1
"Hola everardo    muy buen trabajo     
  Hay cuando puedas darte la vuelta al bosque  de la ciudad       a apoyar a Danielykarina Zaldate Romero ella tiene  equipos de futbol    de varias categorias y ocupa mucho apoyo  el equipo se llama  taller mecanico abel  de ante mano muchas gracias...",0
En San Luis hacen falta campos de softbol con alumbrado somos muchos los ekipos sin poder entrenar x falta de campo y luz,-1
Si quedaron muy  bonitos y sobre todo la iluminaciï¿½n,-1
Para los que jugamos fut..,0
ok,0
Everardo te encargo la carretera que va a conectar de la Benjamin Gil a la via corta el golfo esta en pesimas condiciones . Transito mucho por ahi y de verdad esta en el olvido como la entrada a las adelitas estan en deplorables condiciones.,-1
Ese proyecto aun no esta terminado..isieron una sanja alrededor del campo desde su comienso y asi quedo.cuando entregaron la obra.mi pregunta es para que es esa sanja???,-1
"Porq el seï¿½or Omar Guzman se adueï¿½a de los campos chicos del boske ,si el tiene una escuela q es del club pachuca lo ideal es q el club profesional pachuca le ponga su cancha al sr. Omar  Guzman ( sapo )",-1
"Hola Sr Everardo ocupamos apoyo para ï¿½rea,deportivas de la escuela Jaime torres bodet esta ubicada en emiliano zapata e insurgentes aviaciï¿½n #1",0
"Tomen cartas en el asunto. Los que tengan su club que entrenen en sus propios campos, para eso cobran inscripciï¿½n, uniformes y mensualidad.",-1
"En vez de construir en espacios valdios deverian de tratar de consegir un subsidio adicional a la Energia Electrica
Porque si estos espacios vacios ya con construcciï¿½n cuentan con energï¿½a Elï¿½ctrica quien crees que la va apagar pues adivina el puablo...",-1
Everardo nos faltan la carreteras en el valle urgen independencia col. Nuevo Leï¿½n carretera a la bolsa,-1
"Felicidades a la comunidad de san luis , por quï¿½ estï¿½n disfrutando YA !! De algo muy merecido  ??",1
Diganle a la comisarï¿½a que prenda las luces que no sean gachï¿½s en la noche esta mas obscuro que las tinieblas del purgatorio,-1
Ya saben que se pueden suscribir a mi canal ZackBy32,0
YO SOLO QUIERO SABER!! Vas a ser el prï¿½ximo presidente de San Luis..?,0
Vengan aponer Aqui ala 10 de abril pasto cintetico,1
"Esperamos con mucha ansia , prontas buenas noticias para el campo de futbol del bosque 2 ... sabemos de tu gran compromiso con el
Deporte y esperamos pronto estar en esta transformaciï¿½n ????.. un gusto saludarle diputado",1
"Inviten para cuando estï¿½ listo, los que podamos ir y nos hechamos un jueguito ??",1
Felicidades,1
miren!!  Melissa MendozaItzel Mariana G Sï¿½nchez Laura Sanchez Gomez Gisel R De Verdugo Amalia Sanchez Rafael Sï¿½nchez Martï¿½n Sï¿½nchez Dora FraijoAndrea Fraijo Sahid Sï¿½nchez Fimbres Martin Gomez Rebeca Sï¿½nchez,0
Y las escuelas para cuando hay niï¿½os q no tienen mesabancos no esta en muy buenas condiciones la escuela y aparte faltan libros hay q impulsarlos de desde pequeï¿½os y motivarlos me encantaria q no ignorara mi comentario y desirme como me puede ayudar para mejorar la escuela,-1
Porque no te paseas por las escuelas y checas los abusos de estar pidiendo cuotas ecageradas,-1
"Caminale 50 mts mï¿½s por favor en la pura Juï¿½rez y 30 hay un tiradero de drogas de cristal en la pura contra esquina del DIF municipal es un pasadero de viciosos rateros todo el dï¿½a entrando y saliendo y a todos los que vivimos alrededor de ahï¿½ ya se nos metieron a robar, presentamos denuncias y nada pero eso si la policia siempre va por su cuota. Son chingaderas ahï¿½ vivï¿½mos todos atrï¿½s de la casa de la cultura y es un robadero todos los dï¿½as.
Pongan orden con esa situaciï¿½n por favor o quieren que todos los vecinos nos juntemos y nos metamos ala casa del traficante de drogas y se lo arrestemos por ustedes",-1
Te paras el cuello blanco con el dinero que el pueblo pagamos con nuestros inpuestos jajajajaja .. No les digo conestos politicos ??,-1
Son impuestos q paga el pueblo sin eso no lo hicieran ustedes no ponen nada de su bolsa no te kieras agarrar de ahi la gente ya no tan facil los engaï¿½a,-1
"Ya no le inviertan tanto dinero  a ese edificio ya van tres administraciones que la remodelan , desde que se adquiriï¿½.",-1
tambiï¿½n yo le pido  k les ponga en el cesereso banktas x dentro y no a fuera k asen faltas xk estan vien peligrasas para las familia k van los fines de semana  y k areglen las celdas esta. bien k estan ay x los delitos k cometieron pero ban familias de vicita y van de toda.  clase social para k este tan olvidado ese lugar xk tambiï¿½n les dejan dinero para k les areglen  sus lugares tan feos,-1
"Seï¿½or diputado San Luis se encuentra en estado crï¿½tico en materia de seguridad,  tengo la certeza de que a Usted le preocupa esto ojala pudiera visitarme en mi domicilio el dï¿½a que pueda,  saludos.",0
cjon nayarit 11 y 12 me han robado ya 3 veces en este mes y nada  preguntele a santiago meza y nadie hace nada todas las veces se realizo reporte de robo..,-1
Ahi le encargamos que nos ayude en algo....trabajamos en los campos agricolas y son unas filas interminables a cada dia....lo peor de todo es el desorden que muchos hacen sin que nadie les llame la atencion hasta navajazos ha habido.....por favor Sr. haga algo por nosotros....no pierdan credibilidad con nosotros.....Gracias Sr. Diiputado......,-1
Dsculpe ai enla casa dela cultura dan clases de canto.,0
Que direccion tiene el centro cultural,0
serï¿½ k llegan tiempos electorales  ?,-1
Nuevo??????? Ya tiene aï¿½os en servicio,0
Espero que no siga siendo una guarderia,0
A mire que bien??,0
"Los biles de luz y agua nos estan matando es donde deverian haser algo y no perdiendo el tiempo y dinero en festivales que del globo, la masorca y no se cuantos mas y nosotros trabajando para el puro recibo de la luz,",-1
"Ese fenï¿½meno. O plaga como quieran llamarle estï¿½ por toda la ciudad,  todo mundo la vemos a diario , y actï¿½an con un descaro que parece que venden chicles.",-1
"Quï¿½ chistoso estï¿½ todo esto, a punto del 2018 ya se ve interes y ganas de actuar!!",0
"DEBERIAN DE INVERTIR MAS EN LAS ESCUELAS QUE ES DONDE LOS NINOS APRENDAN PARA TENER UN MEJOR FUTURO Y NO ESTAR BATALLANDO CON QUE NO TIENEN LUZ, MESABANCOS, SALONES EN MAL ESTADO, REFRIGERACIONES ETC. DEBERIAN DE PENSAR MAS EN ESE TIPO DE TRANSFORMACIONES",-1
Increible todos tienen la razon!,1
Deberï¿½a mejor legalizar a nosotros los de 17 la neta,0
Robar en grande...,-1
"ME ENCANTO!!!
SALUDOS!!!",1
Si esta vez que fue esta mas hermoso ...vendiciones,1
Everardo solo un punto de vista que espero tomen en cuenta y cumplan sobre todo me da mucha impotencia el robo de vehï¿½culos en el bosque. Me gustarï¿½a pusieran cï¿½maras de seguridad en cada ï¿½rea de los alrededores que su ï¿½ngulo alcance a divisar varios metros y las mismas sean vigiladas por los policï¿½as que se encuentran en la caseta. Que tambiï¿½n ronden en sus vehï¿½culos de llantitas no se como se llaman alrededor del bosque no me parece justo que estando ahï¿½ ellos roben en sus propias narices. De lo demï¿½s si me gustan las ï¿½reas deportivas y la iluminaciï¿½n. Gracias,-1
"No me has contestado a mi como a otros conciudadanos que expresan su opiniï¿½n, no es que limpien todo el desierto sino que no lo ensucien que pongan vigilancia u otra alternativa como anuncios, yo se los comentï¿½ a trabajadores de oficinas del municipio en donde yo me comprometï¿½a a ponerlos por donde pasan a tirar basura a diario, mandarlos hacer de mi bolsillo sino infringï¿½a ninguna ley, para ver si eso servï¿½a de freno, podrï¿½s tu hacer algo por el desierto de San Luis, es a la salida para la laguna de oxidaciï¿½n",-1
Subala ala resbaladilla grande haber hasta donde topa su buki...... Cosa mas peligrosa para nuestros hijos,-1
La seguridad es lo que deberï¿½a de ser prioridad para ustedes de que sirven parques grandes y bonitos si uno no puede dejar su casa sola por que la encuentra vacï¿½a.,-1
"Chingado pobre Dip..
Nomas le tocaron  un tema que nos ataï¿½e a todos como es CFE se le terminaron datos......pero raudo y veloz sale Sr Blancas en defensa .....claro que tiene que ver es tema obligatorio cada vez que de la cara cualquier Diputado sea color que sea..",-1
"ke vas a trasformar inutil............si al ke le llamas boske antes tenia un tren para pasear a niï¿½os, tenia estantes de agua con peces, jaula con aves diferentes especies,,,ya de bosque nada tiene...................hoy podria ser complejo deportivo san luis sonora...........etc.etc.",-1
Ojalï¿½ que esos 20 millones sean suficientes para reforestarlo.. Es un bosque que cada vez tiene menos ï¿½rboles.,-1
"Si esta quedando bien, pero estan sucias o llenas de tierra las banquetas necesita botes para basura etc..",-1
"San luis requiere calles bien estructuradas y sobre todo que duren por aï¿½os. No como la avenida chihuahua, que de la calle sengunda, hasta donde se encuentra  nuestro ""IMSS"". Esta avenida es una de las  principales calles para ingresar a este instituto. La cual dicha avenida a estado asi por aï¿½os.",-1
"Si estï¿½ muy cambiado el bosque lï¿½stima k de bosque ya no tenga nada , le faltan muchos ï¿½rboles y estï¿½ un proyecto k quedï¿½ amediasa,  el parque de la tortuga o centenario tantï¿½simo espacio para k esa ï¿½rea fuera  un pulmï¿½n de  nuestra ciudad  saquese un 10 haciï¿½ndole algo a este parque",-1
Que va estar yendo jajajaja,0
Si muy bonito su bosque pero nos estï¿½n robando con los recibos de luz,-1
Me encanta el Bosque de la Ciudad? antes nadie caminaba por ahi ahora todos los fines de semana esta lleno?,1
Esta bien que haya buenos espacios para disfrutar en familia,1
Achhhhhh k padre tengo el.onor de conocer a su esposa muy linda bendiciones mil por su nueva espera saludos,1
K vendicion ya esta grande  la niï¿½a...y hermosa k luce su esposa..dios vendiga su hogar y fam..saludos desde Santa maria california,1
Muy bonita familia vamos por mas,1
Muy bien felicidades que bonita su familia.,1
Muy bonito el Bosque de la ciudad?,1
felicidades Everardo saludos a su familia,1
Felicidades Everardo Lopez vamos por mï¿½s ??????,1
Bamos palante  Everardo saludos,1
Felicidades,1
Felicidades Everardo,1
Yo lo veo igual que siempre es un parque mas solo que le dicen bosque . :(,-1
Al  valle  de  caborca???,0
En peï¿½asco lo esperamos mi diputado,1
Vendiciones...para usted y fam.. saludos desde santa maria California,1
Hector Sadol  tï¿½ si regresas y cumples ??,1
Y muy bonito,1
Es Todo Mi Dip.Everardo Lopez Cordova  Trabajando Por El Bien Comun Animooo Saludos,1
"Muy loable seria prohibir colegiaturas en escuelas publicas para no coartar el derecho a la educaciï¿½n del alumno.
El rechazar el ingreso a preparatorias a jï¿½venes de escasos recursos sï¿½lo permite que el cï¿½rculo de la pobreza no se rompa
Es una tarea pendiente  Everardo desde hace tiempo",-1
Vamos para adelante vendiciones ...,1
"Muchas felicidades a tu abuelita mijo Dios la siga bendiciendo mucho mas, un fuerte abrazo!",1
Vendiciones,1
Bellï¿½sima seï¿½ora!! Un fuerte abrazo!!,1
Donde me puedo afiliar a su partido sr everardo Lï¿½pez saludos cordiales,1
Felicidades saludos desde california...muchas vendiciones..,1
Saludos ..conversen e intercambien ideas para optimos resultados!!,1
Saludos ya me dijo un pajarito que los vio !!,1
Saludos!!,1
Buen equipo felicidades,1
Saludos vatos les encargo mucho al buen Jose Gibran Rodriguez Salido,1
Me da gusto que s de una por las necesidades de el pueblo,1
Excelente amigos duro y para delante,1
De Caborquita...,0
"Juntos???
Muy bien!!!",1
Saludos al Bebo...,1
Hermosa labor .. saludos y vendiciones desde santa maria california...??,1
Yooooooooooo ocupo cinco,0
Hermosa labor evarardo lopez cuando bienes para la Grullita,1
Muchas gracias por regresar. Everardo recibï¿½ su llamada,1
Yo tmbn espero las mias,0
Yo quiero,0
Espero la mia mi diputado saludos,1
Bien guapute hermoso buena labor el poder regalarles una mochila,1
Mi querido amigo yo quisiera  para 10 niï¿½os,1
Oswaldo Gil Cuara sobres wey,0
"muy bien ?Everardo, te encargo que te pases para aca en la col libertad y nos hagas una visita por aca tambien te apoyamos.",-1
Vendiciones,1
Que guapoo Gilberto Payan Martinez,1
Marycarmen Payan,0
Everardo Lï¿½pez  hay tres niï¿½os que solicitamos se pudieran apoyar con el programa de mochila.....con quien me contacto?,-1
"Todos los dias en horario de 6:00 am - 7:00 esta area es un caos total y una bomba de tiempo, no exite vijilancia alguna y los Srs taxistas son un problema",-1
No contesto ....ni contestara!,-1
cree usted poder ayudarnos,-1
"Que tal everardo le mande un mensaje es sobre el proyecto de las clases de boxeo que quiero empezar en mi colonia no recibï¿½ esa llamada prometida. 
Espero se comunique Muchas gracias",0
Sr. Everardo acaso usted podra ayudarnos con la vialidad en el parque industrial ?,0
gracias,1
"Aquï¿½ lo esperamos mi diputado en la colonia 10 de abril, tiene las puertas de la casa abiertas ?",0
Sigale echando ganas compa todo tiene su recompensa,1
"Buen dï¿½a Dip. Everardo aquï¿½ en Col Ortiz y deportiva en Caborca tambiï¿½n lo esperamos para que por favor  nos pueda apoyar con la solicitud que le enviï¿½ a su correo  para apoyar a los alumnos y maestros de la Secundaria General #1 ""Hï¿½roes de Caborca"" en ï¿½ste regreso a clases un fuerte ?",0
Felices los niï¿½os felicidades guapo,1
Si ahora esta muu bien,1
diputado por no me contesta . Sigo en lo mismo cuando podra ir aver el jardin de niï¿½os k ya le comentado  espero k en este regreso de clases pueda ir y percatarse de la situaciï¿½n espero y no ignore ya k desde el ciclo pasado le estuve enviando textos y usted no se tomo la molestia de contestar gracias de ante mano .,-1
Que Bonita acciï¿½n !??????,1
Mi SONOYTA  hermoso !??,0
pues aver cuando les echa la mano al plantel prescolar k esta por la nardos B y 45 aver es sierto k le imortan tanto los niï¿½os a esta escuela le falta muchas cosas,-1
Apoyos como estos son de gran ayuda para nosotros los padres ahora con el regreso clases pues aligeran un poco el gasto..,-1
"Y al ejido diamante, Caborca!!! Para cuando regresas!!!",1
Ojalï¿½ vengas a Santa Ana  ya sabes que estï¿½ es tu casa Bendiciones y saludos!!!,1
Saludos Everardo de Santa Ana !!,1
El Golfito de Sta. Clara...,0
"El Golfo De Santa Clara, Sonora Mex.",0
Suerte en sus nuevos proyectos ..le encargo la calle 47 mucho trï¿½fico y muy poco mantenimiento saludos,1
"Sabes cï¿½mo tendrï¿½amos un mejor paï¿½s Everardo ? Si ustedes llevarï¿½n al congreso la voz ciudadana y pelearï¿½n 100% iniciativas a favor de nosotros , buscando la mejora y el bien en comï¿½n , dejar al partido y los conflictos de intereses , dejar por el momento el pensar en escalar al siguiente puesto , y vivir su puesto de diputado federal  como si fuera el ï¿½ltimo de sus vidas , dejar la camiseta ahï¿½ , ser un rebelde con causa para Mï¿½xico ...te lo digo con todo respeto , ya que todavï¿½a hasta la fecha no se ve nada de nuestras propuestas que te presentamos , ni siquiera una iniciativa ...saludos !!",-1
"Todos deberï¿½amos aprender de este video, TODOS",0
"Son varios, favoritos no tengo. Lo que me disgusta es que en la mayorï¿½a (y he ido a varios) te dan rï¿½banos o pepinos todos secos, ni ganas de comertelos :(",0
"El gordo de la Juï¿½rez, Zaragoza y 4 (atrï¿½s de casa de cambio)  ve a probarlos y tomas foto tambiï¿½n para antojarme como siempre lo haces ? ?",0
Tacos Gil de camarï¿½n y pescado  constituciï¿½n y calle primera  12:00 - 5:00 pm,0
"""Tacos Gil"" de camarï¿½n!
Hubicados por la Constituciï¿½n y calle 1ra de 12:00 a 5:00???
Recomendados!!?",0
La vaquita del Ampelio,0
Choriqueso con el gordo de la Juï¿½rez... Zaragoza y 4ta,0
"Ijole, no tengo favorito, perdon soy tocolico jajaja",0
molcajetes Juarez y 5ta son los mejores,0
Campas... Obregon 6 y 7. Sencillos y sabrosos,0
Los tacos gil de la contitucion de camaron y caldo,0
"Antes de la remodelaciï¿½n, los del Bajï¿½o",0
"campas los originales , obregon 6 y 7 !",0
Molcajetes y chipilon y de pastor los poblanos,0
Tacupeto y campa Obregon 6y7,0
"Los poblanos!
Los de la 26 ?.?",0
Asadero Alvarado2 Madero 26 y 27,0
Pericos cjon kino y 26,0
Los paseados que dejamos en el tablero del carro?,0
"molcajetes , tambien",0
El bajï¿½o,0
El Bajio a un lado del SOL NACIENTE,0
Molcajetes !,0
Don benja callejon merida b y 25!,0
Bajio !,0
"El Chipilon, Los Pericos & Gordo de la Juarez ???",0
Sr. Everardo Lopez espero y usted si me pueda ayudar tengo meses pidiendo el apoyo para limpiar el callejon de mi casa ya que esta cerrado por el monton de basura. Corriendo el riesgo de que por las altas temperaturas ocurra un incedio o se acumulen animales espero y me pueda ayudar muchas gracias y que tenga buen dia DLB. Mi direccion es Callejon Constitucion entre Colombia y Nicaragua,-1
"Buenas tardes 
Martha janine gomez 
Ya se reviso x el departamento de obras publicas y en estos dias se efectuarï¿½ la limpieza de esa area!!!",-1
Everardo. Ay k mandar abir el rio k no esa es una buena fuente de ingrsos para el pueblo,-1
Dalia Margarita Ruiz Perez,0
Muchas felicidades dios lo vendiga donde kiera k vaya,0
platicando  nuestro Dip.everardo lopez con una gran persona el maestro tomas velazquez del grupo missael saludos para ambos,1
"Cuando van para hermosillo para que me den un aventï¿½n porque necesito ir pero el vocho no llega, ta descompuesto :'(",0
En Ejido ISLITA.  Y todo su Valle.,0
Colonia comercial 6 he internacional,0
Solidaridad,0
Cerradas del nuevo palmira,0
aeropuerto aviacion 2,0
"Vivo en la ciudad pero sin duda seï¿½or #DIPUTADO permitame sugerirle los EJIDOS #INDEPENDENCIA y #LAGUNITAS, el VALLE esta prï¿½cticamente olvidado, yo se que encontrara fructï¿½fera la visita, muy buenas ideas pueden surgir.",-1
Aviacion 1,0
Federal,0
Aviaciï¿½n 1,0
Aviaciï¿½n1,0
Aviaciï¿½n 1. Te invito diputado a visitar mi colonia,0
En la colonia topahue porfavor,0
Para quï¿½ o quï¿½?,0
Saludos! !!?,1
Burï¿½crata,0
Colonia federal,0
Chulavista 1,0
La Colonia Industrial...,0
Cololonia libertad,0
Libertad,0
Nada como empezar el dï¿½a con un buen licuado del pato.... Saludos diputado,0
"Si el otro dï¿½a ahï¿½ te encontrï¿½ ,y tu muy saludador como siempre",0
"Como te mal pasas jajaja ?, saludos ??",0
"Gato negro, mi preferido ?...",0
Hay otros jugos que no sean del PATO!???,0
Exelente lugar rikisimos jugos,1
